metric,values,removed,share_removed,share_not_cross_checkable
CMJ: Concentric Duration,728,5,0.006868131868131868,0.028846153846153848
CMJ: Concentric Impulse (Abs) / BM,728,0,0,0.028846153846153848
CMJ: Concentric Impulse-100ms:Concentric Impulse,728,15,0.020604395604395604,0.028846153846153848
CMJ: Concentric Mean Force / BM,728,0,0,0.028846153846153848
CMJ: Concentric Mean Power / BM,728,2,0.0027472527472527475,0.028846153846153848
CMJ: Concentric Mean Velocity,728,2,0.0027472527472527475,0.028846153846153848
CMJ: Concentric Peak Force / BM,728,0,0,0.028846153846153848
CMJ: Concentric Peak Velocity,728,0,0,0.028846153846153848
CMJ: Concentric RPD / BM,726,11,0.015151515151515152,0.030303030303030304
CMJ: Concentric RPD-100ms / BM,728,18,0.024725274725274724,0.028846153846153848
CMJ: Concentric RPD-50ms / BM,728,46,0.06318681318681318,0.028846153846153848
CMJ: Contraction Time,728,1,0.0013736263736263737,0.028846153846153848
CMJ: Contraction Time:Eccentric Duration,727,2,0.002751031636863824,0.02888583218707015
CMJ: Eccentric Braking RFD-100ms / BM,728,175,0.2403846153846154,0.028846153846153848
CMJ: Eccentric Peak Force / BM,728,0,0,0.028846153846153848
CMJ: Eccentric:Concentric Duration,727,15,0.02063273727647868,0.02888583218707015
CMJ: Eccentric:Concentric Mean Force Ratio,728,0,0,0.028846153846153848
CMJ: Flight Time,728,0,0,0.028846153846153848
CMJ: Flight Time:Contraction Time,727,2,0.002751031636863824,0.02888583218707015
CMJ: FlightTime:Eccentric Duration,727,13,0.017881705639614855,0.02888583218707015
CMJ: Force at Zero Velocity / BM,728,0,0,0.028846153846153848
CMJ: Jump Height (Flight Time),728,0,0,0.028846153846153848
CMJ: Jump Height (Imp-Dis),728,0,0,0.028846153846153848
CMJ: Jump Height (Imp-Mom),728,0,0,0.028846153846153848
CMJ: Landing Net Peak Force / BM,728,31,0.042582417582417584,0.028846153846153848
CMJ: Mean Takeoff Acceleration,728,4,0.005494505494505495,0.028846153846153848
CMJ: Movement Start to Peak Force,728,11,0.01510989010989011,0.028846153846153848
CMJ: Movement Start to Peak Power,728,2,0.0027472527472527475,0.028846153846153848
CMJ: P2 Concentric Impulse:P1 Concentric Impulse,728,19,0.0260989010989011,0.028846153846153848
CMJ: Peak Landing Acceleration,728,31,0.042582417582417584,0.028846153846153848
CMJ: Peak Landing Force / BM,728,14,0.019230769230769232,0.028846153846153848
CMJ: Peak Net Takeoff Force / BM,728,2,0.0027472527472527475,0.028846153846153848
CMJ: Peak Power / BM,728,0,0,0.028846153846153848
CMJ: Peak Takeoff Acceleration,728,2,0.0027472527472527475,0.028846153846153848
CMJ: RSI-modified,728,2,0.0027472527472527475,0.028846153846153848
CMJ: RSI-modified (Imp-Mom),728,5,0.006868131868131868,0.028846153846153848
CMJ: Start of Braking Phase,728,53,0.07280219780219781,0.028846153846153848
CMJ: Start of Concentric Phase,728,52,0.07142857142857142,0.028846153846153848
CMJ: Start of Eccentric Deceleration Phase,728,52,0.07142857142857142,0.028846153846153848
CMJ: Start of Integration,728,55,0.07554945054945054,0.028846153846153848
CMJ: Start of Movement,728,55,0.07554945054945054,0.028846153846153848
CMJ: Takeoff Peak Force / BM,728,0,0,0.028846153846153848
CMJ: Vertical Velocity at Takeoff,728,0,0,0.028846153846153848
Drop Jump: Active Stiffness Index,659,65,0.09863429438543247,0.03338391502276176
Drop Jump: Coefficient of Restitution,659,2,0.0030349013657056147,0.03338391502276176
Drop Jump: Concentric Duration,659,3,0.004552352048558422,0.03338391502276176
Drop Jump: Concentric Impulse (Abs) / BM,659,0,0,0.03338391502276176
Drop Jump: Concentric Mean Power / BM,659,0,0,0.03338391502276176
Drop Jump: Concentric Mean Velocity,659,0,0,0.03338391502276176
Drop Jump: Concentric Peak Velocity,659,0,0,0.03338391502276176
Drop Jump: Contact Time,659,8,0.012139605462822459,0.03338391502276176
Drop Jump: Countermovement Depth,659,15,0.02276176024279211,0.03338391502276176
Drop Jump: Drop Height,659,5,0.007587253414264037,0.03338391502276176
Drop Jump: Drop Landing,659,6,0.009104704097116844,0.03338391502276176
Drop Jump: Eccentric Duration,659,16,0.024279210925644917,0.03338391502276176
Drop Jump: Eccentric:Concentric Mean Force Ratio,659,0,0,0.03338391502276176
Drop Jump: Effective Drop,659,6,0.009104704097116844,0.03338391502276176
Drop Jump: Flight Time,659,0,0,0.03338391502276176
Drop Jump: Force at Zero Velocity / BM,659,4,0.006069802731411229,0.03338391502276176
Drop Jump: Jump Height (Flight Time),659,0,0,0.03338391502276176
Drop Jump: Jump Height (Imp-Dis),659,7,0.010622154779969651,0.03338391502276176
Drop Jump: Jump Height (Imp-Mom),659,7,0.010622154779969651,0.03338391502276176
Drop Jump: Landing Net Peak Force / BM,659,45,0.06828528072837632,0.03338391502276176
Drop Jump: Mean Takeoff Acceleration,659,3,0.004552352048558422,0.03338391502276176
Drop Jump: Movement Start to Peak Power,659,30,0.04552352048558422,0.03338391502276176
Drop Jump: Passive Stiffness Index,659,139,0.2109256449165402,0.03338391502276176
Drop Jump: Peak Landing Acceleration,659,45,0.06828528072837632,0.03338391502276176
Drop Jump: Peak Power / BM,659,0,0,0.03338391502276176
Drop Jump: Peak Takeoff Acceleration,659,15,0.02276176024279211,0.03338391502276176
Drop Jump: RSI (Flight Time/Contact Time),659,9,0.013657056145675266,0.03338391502276176
Drop Jump: RSI (JH (Flight Time)/Contact Time),659,13,0.019726858877086494,0.03338391502276176
Drop Jump: Start of Concentric Phase,659,6,0.009104704097116844,0.03338391502276176
Drop Jump: Vertical Velocity at Contact,659,2,0.0030349013657056147,0.03338391502276176
Drop Jump: Vertical Velocity at Takeoff,659,0,0,0.03338391502276176
Single-Leg Jump: Concentric Duration,1222,25,0.020458265139116204,0.040098199672667756
Single-Leg Jump: Concentric Impulse (Abs) / BM,1222,15,0.012274959083469721,0.040098199672667756
Single-Leg Jump: Concentric Impulse-100ms:Concentric Impulse,1222,150,0.12274959083469722,0.040098199672667756
Single-Leg Jump: Concentric Mean Force / BM,1222,0,0,0.040098199672667756
Single-Leg Jump: Concentric Mean Power / BM,1222,13,0.010638297872340425,0.040098199672667756
Single-Leg Jump: Concentric Mean Velocity,1222,9,0.007364975450081833,0.040098199672667756
Single-Leg Jump: Concentric Peak Force / BM,1222,0,0,0.040098199672667756
Single-Leg Jump: Concentric Peak Velocity,1222,11,0.00900163666121113,0.040098199672667756
Single-Leg Jump: Concentric RPD / BM,1208,34,0.028145695364238412,0.04470198675496689
Single-Leg Jump: Concentric RPD-100ms / BM,1222,165,0.13502454991816695,0.040098199672667756
Single-Leg Jump: Concentric RPD-50ms / BM,1222,201,0.16448445171849427,0.040098199672667756
Single-Leg Jump: Contraction Time,1222,36,0.029459901800327332,0.040098199672667756
Single-Leg Jump: Contraction Time:Eccentric Duration,1183,22,0.018596787827557058,0.0566356720202874
Single-Leg Jump: Eccentric Braking RFD-100ms / BM,1222,431,0.3527004909983633,0.040098199672667756
Single-Leg Jump: Eccentric Peak Force / BM,1222,1,8.183306055646482e-4,0.040098199672667756
Single-Leg Jump: Eccentric:Concentric Duration,1183,82,0.06931530008453085,0.0566356720202874
Single-Leg Jump: Eccentric:Concentric Mean Force Ratio,1222,0,0,0.040098199672667756
Single-Leg Jump: Flight Time,1222,0,0,0.040098199672667756
Single-Leg Jump: Flight Time:Contraction Time,1183,26,0.02197802197802198,0.0566356720202874
Single-Leg Jump: FlightTime:Eccentric Duration,1183,67,0.0566356720202874,0.0566356720202874
Single-Leg Jump: Force at Zero Velocity / BM,1222,1,8.183306055646482e-4,0.040098199672667756
Single-Leg Jump: Jump Height (Flight Time),1222,0,0,0.040098199672667756
Single-Leg Jump: Jump Height (Imp-Dis),1222,48,0.03927986906710311,0.040098199672667756
Single-Leg Jump: Jump Height (Imp-Mom),1222,48,0.03927986906710311,0.040098199672667756
Single-Leg Jump: Landing Net Peak Force / BM,1222,31,0.02536824877250409,0.040098199672667756
Single-Leg Jump: Mean Takeoff Acceleration,1222,14,0.011456628477905073,0.040098199672667756
Single-Leg Jump: Movement Start to Peak Force,1222,87,0.07119476268412439,0.040098199672667756
Single-Leg Jump: Movement Start to Peak Power,1222,53,0.04337152209492635,0.040098199672667756
Single-Leg Jump: Peak Landing Acceleration,1222,31,0.02536824877250409,0.040098199672667756
Single-Leg Jump: Peak Landing Force / BM,1222,5,0.004091653027823241,0.040098199672667756
Single-Leg Jump: Peak Net Takeoff Force / BM,1222,2,0.0016366612111292963,0.040098199672667756
Single-Leg Jump: Peak Power / BM,1222,14,0.011456628477905073,0.040098199672667756
Single-Leg Jump: Peak Takeoff Acceleration,1222,2,0.0016366612111292963,0.040098199672667756
Single-Leg Jump: RSI-modified,1222,58,0.04746317512274959,0.040098199672667756
Single-Leg Jump: RSI-modified (Imp-Mom),1222,113,0.09247135842880523,0.040098199672667756
Single-Leg Jump: Start of Braking Phase,1222,5,0.004091653027823241,0.040098199672667756
Single-Leg Jump: Start of Concentric Phase,1222,5,0.004091653027823241,0.040098199672667756
Single-Leg Jump: Start of Eccentric Deceleration Phase,1222,5,0.004091653027823241,0.040098199672667756
Single-Leg Jump: Start of Integration,1222,5,0.004091653027823241,0.040098199672667756
Single-Leg Jump: Start of Movement,1222,5,0.004091653027823241,0.040098199672667756
Single-Leg Jump: Takeoff Peak Force / BM,1222,0,0,0.040098199672667756
Single-Leg Jump: Vertical Velocity at Takeoff,1222,15,0.012274959083469721,0.040098199672667756
CMJ: Auto Weight End,25,2,0.08,0.72
CMJ: Auto Weight Start,25,2,0.08,0.72
Drop Jump: Auto Weight End,5,0,0,0.6
Drop Jump: Auto Weight Start,5,0,0,0.6
Single-Leg Jump: Auto Weight End,10,0,0,0.6
Single-Leg Jump: Auto Weight Start,10,0,0,0.6
