athlete,session,test_type,test_no,limb,trial,jump_height,reason
AID003,1,Single-Leg Jump,1,Left,1,10.595594991998894,impossible jump height (> 80 cm or 0)
AID019,1,Single-Leg Jump,1,Right,1,650.1574815923766,impossible jump height (> 80 cm or 0)
AID022,1,Single-Leg Jump,1,Left,2,558.7614649584609,impossible jump height (> 80 cm or 0)
AID025,1,Single-Leg Jump,1,Left,1,22208.58088946208,impossible jump height (> 80 cm or 0)
AID030,1,Single-Leg Jump,1,Left,3,3645.0348415757376,impossible jump height (> 80 cm or 0)
AID030,1,Single-Leg Jump,1,Right,1,11.328642079464226,impossible jump height (> 80 cm or 0)
AID047,1,Single-Leg Jump,1,Right,2,12.009346173239685,impossible jump height (> 80 cm or 0)
AID062,1,Single-Leg Jump,1,Left,4,6184.638475682186,impossible jump height (> 80 cm or 0)
AID066,1,Single-Leg Jump,1,Left,1,6.316585847826264,impossible jump height (> 80 cm or 0)
AID066,1,Single-Leg Jump,1,Right,2,486.90617905009736,impossible jump height (> 80 cm or 0)
AID073,1,Single-Leg Jump,1,Left,1,6368.838621018794,impossible jump height (> 80 cm or 0)
AID078,1,Single-Leg Jump,1,Left,2,12.552511999406343,impossible jump height (> 80 cm or 0)
AID078,1,Single-Leg Jump,1,Right,1,9.002627282699232,impossible jump height (> 80 cm or 0)
AID085,1,Single-Leg Jump,1,Right,1,125.79100279932626,impossible jump height (> 80 cm or 0)
AID090,3,Single-Leg Jump,1,Left,1,555.1034619253011,impossible jump height (> 80 cm or 0)
AID093,1,Single-Leg Jump,1,Left,1,1.083144492448774,impossible jump height (> 80 cm or 0)
AID098,1,Single-Leg Jump,1,Right,1,1442.1782073262725,impossible jump height (> 80 cm or 0)
AID101,1,Single-Leg Jump,1,Right,2,1159.854070075146,impossible jump height (> 80 cm or 0)
AID102,1,Single-Leg Jump,1,Right,1,2346.317626942189,impossible jump height (> 80 cm or 0)
AID105,1,Single-Leg Jump,1,Left,1,958.3077993391514,impossible jump height (> 80 cm or 0)
AID106,2,Single-Leg Jump,1,Left,1,10271.940728990594,impossible jump height (> 80 cm or 0)
AID112,1,Single-Leg Jump,1,Right,1,4331.00106072136,impossible jump height (> 80 cm or 0)
AID116,1,Single-Leg Jump,1,Right,1,354.6821364413508,impossible jump height (> 80 cm or 0)
AID118,2,Single-Leg Jump,1,Right,2,1317.1904917450786,impossible jump height (> 80 cm or 0)
AID119,2,Single-Leg Jump,1,Left,2,1074.7501226933884,impossible jump height (> 80 cm or 0)
AID124,1,Drop Jump,1,Both,2,28.597,impossible jump height (> 80 cm or 0)
AID161,1,Single-Leg Jump,1,Right,1,12.631087783245624,impossible jump height (> 80 cm or 0)
AID164,1,Single-Leg Jump,1,Left,2,4455.754519697395,impossible jump height (> 80 cm or 0)
AID172,1,Single-Leg Jump,1,Right,1,1771.0320793500375,impossible jump height (> 80 cm or 0)
AID180,1,Drop Jump,1,Both,1,16.964,impossible jump height (> 80 cm or 0)
AID183,2,Single-Leg Jump,1,Left,2,0.9066247924571222,impossible jump height (> 80 cm or 0)
AID004,1,Drop Jump,1,Both,1,8.16,inconsistent with own attempts (factor 2)
AID004,1,Drop Jump,1,Both,2,20.206,inconsistent with own attempts (factor 2)
AID029,1,Single-Leg Jump,1,Left,1,6.372361169698627,inconsistent with own attempts (factor 2)
AID029,1,Single-Leg Jump,1,Left,2,13.027644191883873,inconsistent with own attempts (factor 2)
AID108,1,Drop Jump,1,Both,1,19.223,inconsistent with own attempts (factor 2)
AID108,1,Drop Jump,1,Both,2,3.099,inconsistent with own attempts (factor 2)
AID131,1,Single-Leg Jump,1,Left,4,38.031291946326355,inconsistent with own attempts (factor 2)
AID163,2,Drop Jump,1,Both,1,7.479,inconsistent with own attempts (factor 2)
AID163,2,Drop Jump,1,Both,2,16.421,inconsistent with own attempts (factor 2)
AID163,3,Drop Jump,1,Both,4,9.406,inconsistent with own attempts (factor 2)
AID168,1,Single-Leg Jump,1,Right,1,1.0831444925103435,inconsistent with own attempts (factor 2)
