ranker,A: simulation,B: held-out visit,overall_mean_rank,sim_spearman,sim_ndcg10,heldout_spearman
spotis_equal,2.666666666666667,5.25,3.9583333333333335,0.8249548390549816,0.6290876792304309,0.7063433296310008
wavg_equal,3.666666666666667,4.75,4.208333333333334,0.824954346259585,0.6289850437711073,0.7064821670986055
wavg_entropy,7.833333333333333,2,4.916666666666666,0.8177796271203256,0.6175006997811375,0.7439991361224236
spotis_entropy,7.833333333333333,2,4.916666666666666,0.8177796271203256,0.6175006997811375,0.7439991361224236
marcos_equal,6.5,8.5,7.5,0.8181904324589642,0.6155826413732706,0.6998642478094532
marcos_entropy,11.5,3.5,7.5,0.808480666102726,0.6046206319403922,0.7290046896211279
promethee_entropy,11.5,3.5,7.5,0.8082800331054073,0.5834774846383075,0.7331389608786868
spotis_merec,4.166666666666667,11.25,7.708333333333334,0.8248446976520747,0.6273698309427742,0.6972109095396766
wavg_merec,4.833333333333333,11.75,8.291666666666666,0.8248442277014978,0.6272623206707665,0.6963316055781807
marcos_merec,6.833333333333333,10,8.416666666666666,0.8181539786538005,0.615577623949471,0.6943724546464272
topsis_merec,8,10,9,0.8166393801612974,0.6144284985314056,0.6979050968776995
topsis_equal,10,10.5,10.25,0.8144770429143202,0.6118736539903832,0.7019313834382326
promethee_equal,9.5,11,10.25,0.8140973141154725,0.5937630513285357,0.6918015843225682
promethee_merec,10.5,14,12.25,0.8138379851913351,0.5923948284653161,0.6829106503764037
topsis_entropy,14.666666666666666,12,13.333333333333332,0.7750860140097489,0.5569223925748021,0.6546340861409353
