athlete,session,test_type,test_no,limb,trial,age,kpi,value,z_current,z_age
AID002,1,Single-Leg Jump,1,Left,1,13.2,Single-Leg Jump: Concentric RPD / BM,424.26664894597315,5.0225855116942455,2.703065717797055
AID010,2,CMJ,1,Both,1,28.8,CMJ: Jump Height (Flight Time),27.19396303299824,0.03219604234273234,-4.034148759828336
AID028,2,CMJ,1,Both,2,13.3,CMJ: Eccentric Peak Force / BM,47.99785912940118,6.9376610879347105,4.4824657734908175
AID049,2,Drop Jump,1,Both,1,13.9,Drop Jump: Jump Height (Imp-Mom),57.91622338707624,3.094736966681699,4.368139320971656
AID080,1,CMJ,1,Both,1,20.7,CMJ: Flight Time:Contraction Time,1.407216494845361,5.017765921352205,3.1235489175238205
AID080,1,CMJ,1,Both,2,20.7,CMJ: Flight Time:Contraction Time,1.380710659898477,4.85134554395479,3.044558172688912
AID087,1,Single-Leg Jump,1,Left,2,20,Single-Leg Jump: Concentric Impulse (Abs) / BM,10.096296886187217,5.0353755511030025,3.824670089313074
AID087,1,Single-Leg Jump,2,Left,1,20,Single-Leg Jump: Concentric Impulse (Abs) / BM,9.466638841946365,4.460700122224596,3.382329671675087
AID117,1,Single-Leg Jump,1,Left,1,15.4,Single-Leg Jump: Concentric RPD / BM,428.5017394742924,5.095715421231828,2.2748322162110575
AID117,1,Single-Leg Jump,1,Left,2,15.4,Single-Leg Jump: Concentric RPD / BM,365.4360142100998,4.00672080526011,1.9443626685775106
AID138,1,CMJ,1,Both,3,17,CMJ: Eccentric Peak Force / BM,44.56907982006581,6.075657589578425,3.609917394604935
AID138,1,CMJ,1,Both,3,17,CMJ: Flight Time:Contraction Time,1.3,4.344593030509518,2.949303161227775
AID142,2,CMJ,1,Both,2,23.6,CMJ: Flight Time:Contraction Time,1.2543103448275863,4.057724509967223,2.949847494347073
AID163,3,CMJ,1,Both,4,14.4,CMJ: Concentric Duration,0.6230000000029747,-5.901509649682283,-5.041878291453989
AID167,1,Single-Leg Jump,1,Left,2,13.8,Single-Leg Jump: Concentric Impulse (Abs) / BM,8.982517963065108,4.018853351195879,3.9448003830266356
AID168,1,CMJ,1,Both,1,17.7,CMJ: Flight Time:Contraction Time,1.3707865168539326,4.78903550414172,3.093096955782379
AID176,2,Single-Leg Jump,1,Right,2,30.6,Single-Leg Jump: Concentric Impulse (Abs) / BM,9.526853791783402,4.515657018970371,3.170711266082942
