metric,rule,rationale,coverage,share_removed,icc,status
Single-Leg Jump: Concentric RPD-50ms / BM,benefit,Higher output = better performance (default),0.9315789473684211,0.16448445171849427,0.9638340753721749,excluded: coverage
Single-Leg Jump: Concentric RPD-100ms / BM,benefit,Higher output = better performance (default),0.9473684210526315,0.13502454991816695,0.9577498686592247,excluded: coverage
Single-Leg Jump: Eccentric Braking RFD-100ms / BM,benefit,Higher output = better performance (default),0.8421052631578947,0.3527004909983633,0.9419184575157128,excluded: coverage
Drop Jump: Active Stiffness Index,benefit,Higher output = better performance (default),0.8842105263157894,0.09863429438543247,0.9236587485015431,excluded: coverage
Drop Jump: Passive Stiffness Index,benefit,Higher output = better performance (default),0.8210526315789474,0.2109256449165402,0.9131541462914986,excluded: coverage
CMJ: Eccentric Braking RFD-100ms / BM,benefit,Higher output = better performance (default),0.8947368421052632,0.2403846153846154,0.9123754515361331,excluded: coverage
Single-Leg Jump: Start of Concentric Phase,exclude,Recording time points or protocol settings (velocity at contact is set by the drop height) - not athlete performance,1,0.004091653027823241,0.9969949067444303,excluded: not a performance KPI
Single-Leg Jump: Start of Integration,exclude,Recording time points or protocol settings (velocity at contact is set by the drop height) - not athlete performance,1,0.004091653027823241,0.9969943510599464,excluded: not a performance KPI
Single-Leg Jump: Start of Movement,exclude,Recording time points or protocol settings (velocity at contact is set by the drop height) - not athlete performance,1,0.004091653027823241,0.9969943510599464,excluded: not a performance KPI
Single-Leg Jump: Start of Braking Phase,exclude,Recording time points or protocol settings (velocity at contact is set by the drop height) - not athlete performance,1,0.004091653027823241,0.9969926647559261,excluded: not a performance KPI
Single-Leg Jump: Start of Eccentric Deceleration Phase,exclude,Recording time points or protocol settings (velocity at contact is set by the drop height) - not athlete performance,1,0.004091653027823241,0.9969919680708468,excluded: not a performance KPI
Single-Leg Jump: Auto Weight End,exclude,Recording time points or protocol settings (velocity at contact is set by the drop height) - not athlete performance,0.021052631578947368,0,0.9968574002326244,excluded: not a performance KPI
Single-Leg Jump: Auto Weight Start,exclude,Recording time points or protocol settings (velocity at contact is set by the drop height) - not athlete performance,0.021052631578947368,0,0.9968574002326244,excluded: not a performance KPI
Drop Jump: Auto Weight End,exclude,Recording time points or protocol settings (velocity at contact is set by the drop height) - not athlete performance,0.021052631578947368,0,0.9966886909553855,excluded: not a performance KPI
Drop Jump: Auto Weight Start,exclude,Recording time points or protocol settings (velocity at contact is set by the drop height) - not athlete performance,0.021052631578947368,0,0.9966886909553855,excluded: not a performance KPI
CMJ: Auto Weight End,exclude,Recording time points or protocol settings (velocity at contact is set by the drop height) - not athlete performance,0.07894736842105263,0.08,0.9944281587489426,excluded: not a performance KPI
CMJ: Auto Weight Start,exclude,Recording time points or protocol settings (velocity at contact is set by the drop height) - not athlete performance,0.07894736842105263,0.08,0.9944281587489426,excluded: not a performance KPI
CMJ: Start of Integration,exclude,Recording time points or protocol settings (velocity at contact is set by the drop height) - not athlete performance,0.9578947368421052,0.07554945054945054,0.9931102805203124,excluded: not a performance KPI
CMJ: Start of Movement,exclude,Recording time points or protocol settings (velocity at contact is set by the drop height) - not athlete performance,0.9578947368421052,0.07554945054945054,0.9931102805203124,excluded: not a performance KPI
CMJ: Start of Braking Phase,exclude,Recording time points or protocol settings (velocity at contact is set by the drop height) - not athlete performance,0.9578947368421052,0.07280219780219781,0.992918878921241,excluded: not a performance KPI
CMJ: Start of Concentric Phase,exclude,Recording time points or protocol settings (velocity at contact is set by the drop height) - not athlete performance,0.9578947368421052,0.07142857142857142,0.9929126566677816,excluded: not a performance KPI
CMJ: Start of Eccentric Deceleration Phase,exclude,Recording time points or protocol settings (velocity at contact is set by the drop height) - not athlete performance,0.9578947368421052,0.07142857142857142,0.99290693127024,excluded: not a performance KPI
Drop Jump: Start of Concentric Phase,exclude,Recording time points or protocol settings (velocity at contact is set by the drop height) - not athlete performance,0.9789473684210527,0.009104704097116844,0.9915681320188147,excluded: not a performance KPI
Drop Jump: Drop Landing,exclude,Recording time points or protocol settings (velocity at contact is set by the drop height) - not athlete performance,0.9789473684210527,0.009104704097116844,0.99155861663056,excluded: not a performance KPI
Single-Leg Jump: Concentric Impulse-100ms:Concentric Impulse,exclude,Movement-strategy measure without an agreed better direction,0.9526315789473684,0.12274959083469722,0.950039753492027,excluded: not a performance KPI
Single-Leg Jump: Landing Net Peak Force / BM,exclude,Landing force partly reflects jump height so its better direction is unclear (decision of 2026-09-29),1,0.02536824877250409,0.9194738756678982,excluded: not a performance KPI
Single-Leg Jump: Peak Landing Acceleration,exclude,Landing force partly reflects jump height so its better direction is unclear (decision of 2026-09-29),1,0.02536824877250409,0.9194738756678982,excluded: not a performance KPI
Single-Leg Jump: Eccentric:Concentric Mean Force Ratio,exclude,Movement-strategy measure without an agreed better direction,1,0,0.9175067005484216,excluded: not a performance KPI
CMJ: FlightTime:Eccentric Duration,exclude,Movement-strategy measure without an agreed better direction,1,0.017881705639614855,0.9153396544076011,excluded: not a performance KPI
Single-Leg Jump: Peak Landing Force / BM,exclude,Landing force partly reflects jump height so its better direction is unclear (decision of 2026-09-29),1,0.004091653027823241,0.908443033948209,excluded: not a performance KPI
Drop Jump: Countermovement Depth,exclude,Movement-strategy measure without an agreed better direction,0.9789473684210527,0.02276176024279211,0.9021393352384743,excluded: not a performance KPI
CMJ: Eccentric:Concentric Mean Force Ratio,exclude,Movement-strategy measure without an agreed better direction,1,0,0.8993952592950458,excluded: not a performance KPI
CMJ: Landing Net Peak Force / BM,exclude,Landing force partly reflects jump height so its better direction is unclear (decision of 2026-09-29),0.9789473684210527,0.042582417582417584,0.8792402980982922,excluded: not a performance KPI
CMJ: Peak Landing Acceleration,exclude,Landing force partly reflects jump height so its better direction is unclear (decision of 2026-09-29),0.9789473684210527,0.042582417582417584,0.8792402980982922,excluded: not a performance KPI
Single-Leg Jump: Eccentric:Concentric Duration,exclude,Movement-strategy measure without an agreed better direction,0.9947368421052631,0.06931530008453085,0.8777106328998553,excluded: not a performance KPI
CMJ: Concentric Impulse-100ms:Concentric Impulse,exclude,Movement-strategy measure without an agreed better direction,0.9947368421052631,0.020604395604395604,0.8680608088155811,excluded: not a performance KPI
CMJ: P2 Concentric Impulse:P1 Concentric Impulse,exclude,Movement-strategy measure without an agreed better direction,0.9894736842105263,0.0260989010989011,0.8616386211513272,excluded: not a performance KPI
Drop Jump: Drop Height,exclude,Recording time points or protocol settings (velocity at contact is set by the drop height) - not athlete performance,0.9842105263157894,0.007587253414264037,0.8587686911153828,excluded: not a performance KPI
CMJ: Contraction Time:Eccentric Duration,exclude,Movement-strategy measure without an agreed better direction,1,0.002751031636863824,0.8543093956816161,excluded: not a performance KPI
CMJ: Peak Landing Force / BM,exclude,Landing force partly reflects jump height so its better direction is unclear (decision of 2026-09-29),0.9842105263157894,0.019230769230769232,0.8510551852496026,excluded: not a performance KPI
Drop Jump: Landing Net Peak Force / BM,exclude,Landing force partly reflects jump height so its better direction is unclear (decision of 2026-09-29),0.9421052631578948,0.06828528072837632,0.8417405420985069,excluded: not a performance KPI
Drop Jump: Peak Landing Acceleration,exclude,Landing force partly reflects jump height so its better direction is unclear (decision of 2026-09-29),0.9421052631578948,0.06828528072837632,0.8417405420985069,excluded: not a performance KPI
CMJ: Eccentric:Concentric Duration,exclude,Movement-strategy measure without an agreed better direction,0.9947368421052631,0.02063273727647868,0.8398850438998838,excluded: not a performance KPI
Drop Jump: Vertical Velocity at Contact,exclude,Recording time points or protocol settings (velocity at contact is set by the drop height) - not athlete performance,0.9894736842105263,0.0030349013657056147,0.837664564988073,excluded: not a performance KPI
Single-Leg Jump: FlightTime:Eccentric Duration,exclude,Movement-strategy measure without an agreed better direction,0.9894736842105263,0.0566356720202874,0.8316239029189267,excluded: not a performance KPI
Drop Jump: Eccentric:Concentric Mean Force Ratio,exclude,Movement-strategy measure without an agreed better direction,0.9894736842105263,0,0.8124670034971954,excluded: not a performance KPI
Drop Jump: Effective Drop,exclude,Recording time points or protocol settings (velocity at contact is set by the drop height) - not athlete performance,0.9842105263157894,0.009104704097116844,0.7957407156519133,excluded: not a performance KPI
Single-Leg Jump: Contraction Time:Eccentric Duration,exclude,Movement-strategy measure without an agreed better direction,1,0.018596787827557058,0.6900805082111867,excluded: not a performance KPI
CMJ: Flight Time,benefit,Higher output = better performance (default),1,0,0.982181313254909,excluded: redundant with a more reliable KPI
CMJ: Peak Power / BM,benefit,Higher output = better performance (default),1,0,0.9802652559889871,excluded: redundant with a more reliable KPI
Single-Leg Jump: Jump Height (Flight Time),benefit,Higher output = better performance (default),1,0,0.9786949285972495,excluded: redundant with a more reliable KPI
Single-Leg Jump: Flight Time,benefit,Higher output = better performance (default),1,0,0.9772874244675168,excluded: redundant with a more reliable KPI
Drop Jump: Jump Height (Imp-Dis),benefit,Higher output = better performance (default),0.9736842105263158,0.010622154779969651,0.975529393913147,excluded: redundant with a more reliable KPI
Single-Leg Jump: Jump Height (Imp-Mom),benefit,Higher output = better performance (default),0.9894736842105263,0.03927986906710311,0.9750671954807537,excluded: redundant with a more reliable KPI
Single-Leg Jump: Jump Height (Imp-Dis),benefit,Higher output = better performance (default),0.9894736842105263,0.03927986906710311,0.9749450587144448,excluded: redundant with a more reliable KPI
Drop Jump: Jump Height (Flight Time),benefit,Higher output = better performance (default),0.9894736842105263,0,0.9748106978615034,excluded: redundant with a more reliable KPI
CMJ: Jump Height (Imp-Mom),benefit,Higher output = better performance (default),1,0,0.9716222729946238,excluded: redundant with a more reliable KPI
Drop Jump: Flight Time,benefit,Higher output = better performance (default),0.9894736842105263,0,0.9715831097850027,excluded: redundant with a more reliable KPI
CMJ: Jump Height (Imp-Dis),benefit,Higher output = better performance (default),1,0,0.9712657422185564,excluded: redundant with a more reliable KPI
CMJ: Vertical Velocity at Takeoff,benefit,Higher output = better performance (default),1,0,0.9707117942005584,excluded: redundant with a more reliable KPI
CMJ: Concentric Peak Velocity,benefit,Higher output = better performance (default),1,0,0.9692829796854184,excluded: redundant with a more reliable KPI
Single-Leg Jump: Vertical Velocity at Takeoff,benefit,Higher output = better performance (default),1,0.012274959083469721,0.9633070593694263,excluded: redundant with a more reliable KPI
Drop Jump: Vertical Velocity at Takeoff,benefit,Higher output = better performance (default),0.9894736842105263,0,0.9621658666850798,excluded: redundant with a more reliable KPI
Drop Jump: Concentric Peak Velocity,benefit,Higher output = better performance (default),0.9894736842105263,0,0.9613208453014281,excluded: redundant with a more reliable KPI
Drop Jump: Concentric Mean Velocity,benefit,Higher output = better performance (default),0.9894736842105263,0,0.9552071621168687,excluded: redundant with a more reliable KPI
Single-Leg Jump: Concentric Peak Velocity,benefit,Higher output = better performance (default),1,0.00900163666121113,0.9498467228665118,excluded: redundant with a more reliable KPI
Single-Leg Jump: Concentric Mean Power / BM,benefit,Higher output = better performance (default),1,0.010638297872340425,0.9449589468849736,excluded: redundant with a more reliable KPI
Drop Jump: Coefficient of Restitution,benefit,Higher output = better performance (default),0.9894736842105263,0.0030349013657056147,0.9446469583577426,excluded: redundant with a more reliable KPI
Single-Leg Jump: Peak Takeoff Acceleration,benefit,Higher output = better performance (default),1,0.0016366612111292963,0.9428445005403112,excluded: redundant with a more reliable KPI
Single-Leg Jump: Mean Takeoff Acceleration,benefit,Higher output = better performance (default),1,0.011456628477905073,0.942046737642656,excluded: redundant with a more reliable KPI
Single-Leg Jump: Peak Net Takeoff Force / BM,benefit,Higher output = better performance (default),1,0.0016366612111292963,0.9399302037186419,excluded: redundant with a more reliable KPI
Single-Leg Jump: Concentric Peak Force / BM,benefit,Higher output = better performance (default),1,0,0.9389179781727098,excluded: redundant with a more reliable KPI
CMJ: Concentric Mean Velocity,benefit,Higher output = better performance (default),1,0.0027472527472527475,0.9374777068240555,excluded: redundant with a more reliable KPI
Single-Leg Jump: Takeoff Peak Force / BM,benefit,Higher output = better performance (default),1,0,0.9360014866884924,excluded: redundant with a more reliable KPI
Drop Jump: Peak Takeoff Acceleration,benefit,Higher output = better performance (default),0.9736842105263158,0.02276176024279211,0.9300749070010752,excluded: redundant with a more reliable KPI
Drop Jump: Mean Takeoff Acceleration,benefit,Higher output = better performance (default),0.9842105263157894,0.004552352048558422,0.9297403393675322,excluded: redundant with a more reliable KPI
CMJ: RSI-modified (Imp-Mom),benefit,Reactive strength: higher output per unit time is better,1,0.006868131868131868,0.9293918631225235,excluded: redundant with a more reliable KPI
Drop Jump: RSI (Flight Time/Contact Time),benefit,Reactive strength: higher output per unit time is better,0.9789473684210527,0.013657056145675266,0.9281973657507717,excluded: redundant with a more reliable KPI
Drop Jump: Concentric Mean Power / BM,benefit,Higher output = better performance (default),0.9894736842105263,0,0.9278248963459772,excluded: redundant with a more reliable KPI
Single-Leg Jump: Concentric Mean Force / BM,benefit,Higher output = better performance (default),1,0,0.9269529884231349,excluded: redundant with a more reliable KPI
Single-Leg Jump: Concentric Mean Velocity,benefit,Higher output = better performance (default),1,0.007364975450081833,0.925560107548057,excluded: redundant with a more reliable KPI
CMJ: Concentric RPD / BM,benefit,Higher output = better performance (default),0.9947368421052631,0.015151515151515152,0.9214511861097294,excluded: redundant with a more reliable KPI
Drop Jump: Peak Power / BM,benefit,Higher output = better performance (default),0.9894736842105263,0,0.9196693986868144,excluded: redundant with a more reliable KPI
Drop Jump: Force at Zero Velocity / BM,benefit,Higher output = better performance (default),0.9842105263157894,0.006069802731411229,0.918108044476939,excluded: redundant with a more reliable KPI
CMJ: RSI-modified,benefit,Reactive strength: higher output per unit time is better,1,0.0027472527472527475,0.9129987202151391,excluded: redundant with a more reliable KPI
Drop Jump: Movement Start to Peak Power,cost,Shorter time = faster force production,0.9578947368421052,0.04552352048558422,0.9128472139201838,excluded: redundant with a more reliable KPI
CMJ: Mean Takeoff Acceleration,benefit,Higher output = better performance (default),0.9947368421052631,0.005494505494505495,0.9120962659181545,excluded: redundant with a more reliable KPI
CMJ: Concentric RPD-100ms / BM,benefit,Higher output = better performance (default),0.9894736842105263,0.024725274725274724,0.9101318737691041,excluded: redundant with a more reliable KPI
Single-Leg Jump: RSI-modified,benefit,Reactive strength: higher output per unit time is better,0.9894736842105263,0.04746317512274959,0.9093998513465715,excluded: redundant with a more reliable KPI
Single-Leg Jump: Movement Start to Peak Power,cost,Shorter time = faster force production,0.9947368421052631,0.04337152209492635,0.90665746645121,excluded: redundant with a more reliable KPI
CMJ: Concentric Mean Force / BM,benefit,Higher output = better performance (default),1,0,0.9015509825826264,excluded: redundant with a more reliable KPI
Single-Leg Jump: Contraction Time,cost,Shorter time = faster force production,0.9947368421052631,0.029459901800327332,0.8971181110234336,excluded: redundant with a more reliable KPI
Single-Leg Jump: Concentric Duration,cost,Shorter time = faster force production,1,0.020458265139116204,0.8949009983815458,excluded: redundant with a more reliable KPI
Drop Jump: Contact Time,cost,Shorter time = faster force production,0.9789473684210527,0.012139605462822459,0.8856613766133343,excluded: redundant with a more reliable KPI
Drop Jump: Eccentric Duration,cost,Shorter time = faster force production,0.9789473684210527,0.024279210925644917,0.8815471380016736,excluded: redundant with a more reliable KPI
CMJ: Peak Takeoff Acceleration,benefit,Higher output = better performance (default),1,0.0027472527472527475,0.8781765475834173,excluded: redundant with a more reliable KPI
Single-Leg Jump: Flight Time:Contraction Time,benefit,Reactive strength: higher output per unit time is better,1,0.02197802197802198,0.8773712568739088,excluded: redundant with a more reliable KPI
CMJ: Peak Net Takeoff Force / BM,benefit,Higher output = better performance (default),1,0.0027472527472527475,0.8764082520287516,excluded: redundant with a more reliable KPI
Drop Jump: Concentric Duration,cost,Shorter time = faster force production,0.9842105263157894,0.004552352048558422,0.8672482216510433,excluded: redundant with a more reliable KPI
Single-Leg Jump: Force at Zero Velocity / BM,benefit,Higher output = better performance (default),1,8.183306055646482e-4,0.8652137202385526,excluded: redundant with a more reliable KPI
Single-Leg Jump: Eccentric Peak Force / BM,benefit,Higher output = better performance (default),1,8.183306055646482e-4,0.8609817818332719,excluded: redundant with a more reliable KPI
CMJ: Movement Start to Peak Power,cost,Shorter time = faster force production,1,0.0027472527472527475,0.8416800499596402,excluded: redundant with a more reliable KPI
CMJ: Concentric Peak Force / BM,benefit,Higher output = better performance (default),1,0,0.8375823129260946,excluded: redundant with a more reliable KPI
CMJ: Contraction Time,cost,Shorter time = faster force production,1,0.0013736263736263737,0.8364555902370117,excluded: redundant with a more reliable KPI
CMJ: Takeoff Peak Force / BM,benefit,Higher output = better performance (default),1,0,0.8358865302945544,excluded: redundant with a more reliable KPI
CMJ: Movement Start to Peak Force,cost,Shorter time = faster force production,0.9947368421052631,0.01510989010989011,0.8349739518822593,excluded: redundant with a more reliable KPI
CMJ: Concentric Impulse (Abs) / BM,benefit,Higher output = better performance (default),1,0,0.8209046835926863,excluded: redundant with a more reliable KPI
CMJ: Force at Zero Velocity / BM,benefit,Higher output = better performance (default),1,0,0.7670243363167876,excluded: redundant with a more reliable KPI
Single-Leg Jump: RSI-modified (Imp-Mom),benefit,Reactive strength: higher output per unit time is better,0.968421052631579,0.09247135842880523,0.9402250522048329,excluded: unstable (> 5% values inconsistent)
Single-Leg Jump: Movement Start to Peak Force,cost,Shorter time = faster force production,0.9894736842105263,0.07119476268412439,0.9153445141561256,excluded: unstable (> 5% values inconsistent)
CMJ: Concentric RPD-50ms / BM,benefit,Higher output = better performance (default),0.9736842105263158,0.06318681318681318,0.9135407218326895,excluded: unstable (> 5% values inconsistent)
CMJ: Jump Height (Flight Time),benefit,Higher output = better performance (default),1,0,0.9836777412668167,selected
Drop Jump: Jump Height (Imp-Mom),benefit,Higher output = better performance (default),0.9736842105263158,0.010622154779969651,0.9755938901291757,selected
Single-Leg Jump: Peak Power / BM,benefit,Higher output = better performance (default),1,0.011456628477905073,0.9607328907177444,selected
Single-Leg Jump: Concentric RPD / BM,benefit,Higher output = better performance (default),0.9947368421052631,0.028145695364238412,0.9599223724388968,selected
CMJ: Concentric Mean Power / BM,benefit,Higher output = better performance (default),1,0.0027472527472527475,0.9570767224661891,selected
Drop Jump: RSI (JH (Flight Time)/Contact Time),benefit,Reactive strength: higher output per unit time is better,0.968421052631579,0.019726858877086494,0.9504896630792097,selected
Single-Leg Jump: Concentric Impulse (Abs) / BM,benefit,Higher output = better performance (default),1,0.012274959083469721,0.8943776075125679,selected
Drop Jump: Concentric Impulse (Abs) / BM,benefit,Higher output = better performance (default),0.9894736842105263,0,0.8795015505937303,selected
CMJ: Concentric Duration,cost,Shorter time = faster force production,0.9947368421052631,0.006868131868131868,0.8725692150688389,selected
CMJ: Flight Time:Contraction Time,benefit,Reactive strength: higher output per unit time is better,1,0.002751031636863824,0.852201776844679,selected
CMJ: Eccentric Peak Force / BM,benefit,Higher output = better performance (default),1,0,0.7687643646482251,selected
