version,athlete,CMJ: Jump Height (Flight Time),Drop Jump: Jump Height (Imp-Mom),Single-Leg Jump: Peak Power / BM,Single-Leg Jump: Concentric RPD / BM,CMJ: Concentric Mean Power / BM,Drop Jump: RSI (JH (Flight Time)/Contact Time),Single-Leg Jump: Concentric Impulse (Abs) / BM,Drop Jump: Concentric Impulse (Abs) / BM,CMJ: Concentric Duration,CMJ: Flight Time:Contraction Time,CMJ: Eccentric Peak Force / BM
current,AID001,0.761472209476501,0.2412846289304314,0.27206005473251216,0.09832496928486156,0.5170873860892097,0.9565729492852401,-0.07816698601106525,-0.4670540686998127,9.484260499446895e-4,0.34346998536128903,0.4803551287192097
current,AID002,0.10215945920368907,-0.12966679477515516,0.3052350624529641,1.293130317943837,0.32290008004987963,0.056900344728812634,-0.5807266147921869,-0.5340344459799642,0.42855886622187206,0.35086259625002025,0.376910832449629
current,AID003,-0.5984281762867704,-0.7597939742302874,-0.1236475507648014,-0.1736691471935408,-0.5240206751336556,-0.6304024910190187,0.024353317292845837,0.09046915126617544,0.011971164241695129,-0.31110784539017955,-0.35090780938576405
current,AID005,-1.2157078807545705,-0.575966423279386,-0.27283395419082024,1.3196068672540653,-1.0361836773712647,-0.33724899266080527,-1.1197728743914892,-0.6479638345200784,-0.6649478962622338,-0.5630476819127094,-0.12785976982352568
current,AID006,1.4623342205929821,0.8566161896494064,1.667734575131308,-0.22797222388251223,1.2001018125025658,0.8553288111843803,1.5279935433457272,0.03680438676414626,0.310114575704603,0.024085457171819397,-0.38954529236480795
current,AID007,-1.1066781273732227,-0.564595531226947,-0.86846172633533,0.024785949958235364,-0.26463584553329766,-0.2792980388696165,-0.8276727941905869,-0.6485196908956521,0.8571008404561605,0.29591052221001474,0.2815629957532615
current,AID008,1.147132141352358,0.5352259719884797,0.358615305338714,-0.3057622206936586,0.5931933560230679,0.21815254434635617,0.4794887992750271,0.3602241785394742,-0.6825016796155686,-0.02197090617648012,0.09648465430172634
current,AID009,-0.5257018624875975,-0.8589166402211139,0.4165944478461805,1.097835224646488,0.3292794637489231,-0.5657135980128327,-0.6585997314666202,-0.29240780416377754,0.7707589178460383,0.4746370190175895,0.6214639516854876
current,AID010,0.9661088391247149,0.7757211169572926,1.0378600169727807,0.03087726653570636,0.8762158668328573,0.5747715499912024,0.4912123254610104,0.08349367397326558,-0.10431912764953996,-0.015193844211912555,0.1661739868482682
current,AID011,0.5062179068435406,0.35403965728927184,0.5112634956628376,-0.11606511982923187,0.053572355120535306,0.7289269437244417,0.3599745334800018,-0.3212668036283678,-0.6718274876564265,-0.29886147121659323,-0.23455762218568413
current,AID012,0.8899685247079857,0.5016554161111264,0.09122186366327525,-0.5790303213554587,0.41108323950700687,0.26457568423834693,0.618981619955539,0.39206787048929376,-0.6047221707125303,-0.1659372171130957,0.32528842456855284
current,AID013,-1.4569876967359359,-0.58189414775168,-1.1362444310685174,-0.5762499429632894,-0.8108627375949328,-0.929304237144535,-0.34587877359224617,1.119767493591939,0.7055022899759202,-0.12125526591137556,0.13632902010705011
current,AID014,0.7774916902178618,1.0364976020351164,-0.14015360190414292,-0.25234062475209473,0.7869211628573395,0.4957113460748526,0.010084763046959504,0.6098529242262365,0.26730695497805035,0.4716884088983556,0.2829013465409233
current,AID015,1.0685273902420191,1.192103209935809,0.5916619764233101,-0.27788598233401235,1.2053751948726554,0.31862216377344926,0.5756785473480469,0.7821542634695067,0.48134505858095417,0.47558829675387104,0.37376855755328936
current,AID016,0.7634612175612702,0.5587907293147127,1.4534825023871578,0.8645984326449289,1.1720732432826262,1.5070913589856532,0.19377127255357549,-0.4551004873795401,0.6216072522402525,0.687745019019146,0.5618742893222834
current,AID017,-0.06335535938124974,0.005970262598573778,-0.5802511081542843,-0.06304344314084318,0.08287925512324566,-0.006741436837508982,-0.4144123846375939,-0.10409972323132784,0.14202614527185783,0.37819629433106045,0.06532783814934302
current,AID018,1.7053633633531864,1.3754107129433086,0.4872288564103159,-0.5827391334300815,0.4183785808800588,0.3891580823820766,1.3104396582183695,1.064825328574075,-0.4746918041693535,-0.24377616193900872,0.018336077566302317
current,AID019,0.49759743668389766,-0.4832338874835945,0.7454821646315861,0.8082483457191096,0.8708142939499313,0.0791167397719534,-0.3181173824789048,-0.5039005957234698,0.539093630205474,0.7077809502187633,0.49683196527596796
current,AID020,1.5705971916155674,1.7657714485167855,1.2151180317903678,-0.05539836973753227,1.150496484435999,0.5820355517086041,0.7630054280907199,1.035873014396662,0.1160526702589281,-0.09934709669511968,0.16608588952385028
current,AID021,0.23644444928818192,0.437126798667693,-0.0796098231348837,-0.21432328423717462,0.24808953198887618,0.7894695601451558,0.19882194503938275,-0.23790844030667319,-0.09882527764174875,0.07966106885348802,0.1567562191294237
current,AID022,-0.8636571154800995,-0.3128612749990627,-0.674939112748175,-0.1445010947264289,-0.9334959513180116,-0.5133840831764287,-0.4774302885344761,0.11293172201007201,-0.632662679455469,-0.41796794128992765,-0.545927166058775
current,AID023,0.9718008574992575,0.775390533689318,0.59133541882477,0.2475701854766013,1.347385153909448,0.5004468646513205,0.05911514470512107,0.31519717003051784,0.5717167023219436,0.5221078289153368,0.5147720718211387
current,AID024,-0.9625567069131333,-1.3807265740442,-1.1197284302436619,-0.5893190217299936,-0.5820926300463934,-0.6868496244299674,-0.2651704348663702,-1.1670099567357521,0.4450845279908258,0.3525970057733704,-0.0499529457825065
current,AID025,-0.36978201298739133,-0.30902894655573965,-0.7105835163991661,-0.4884175654332943,-0.5085483483977451,0.3903794754940471,-0.16060718470575136,-0.8682191469898968,-0.2226024821452885,0.032740329526354,0.14808850825384115
current,AID026,-0.4143363878766353,0.08009559251195897,0.0338864317826551,-0.1734314618420538,-0.760558500361944,-0.1882662240005989,0.42156438833995147,0.5667377331645872,-1.2664133141562548,-0.1151454983021474,-0.6951840705500171
current,AID027,-0.8251488611014485,-0.41366875431037065,-0.5339431713881185,0.5379948218556174,-0.6161540195892417,-0.5401221904730366,-0.9602248888038148,-0.25013202572911897,-0.137827314104013,-0.2392651443578622,-0.298380458457435
current,AID028,0.5909461574538478,0.6623134896108063,0.5382825408757566,1.6473710660491792,1.0573852401369532,0.025068169165156057,-0.6834801959183379,0.6490630722347667,0.4342532558857579,0.9473397977874298,1.219382709705701
current,AID029,-0.46255880341114053,-0.09013038957242278,-0.8193426882033682,-0.8356462741910282,-0.8248770176120211,0.038930849615218574,0.538497829336037,-0.3295623347405297,-0.907524413589522,-0.6204726409974322,-0.5617609626872897
current,AID030,0.8217458282725184,0.11636036352838955,0.8342453181182469,0.3947638002201038,1.1321486905830018,0.5752727466547183,0.1788096902818457,-0.4849272209321418,0.6151785140689567,0.7136809108840367,0.7473590232691075
current,AID031,1.3765021435105542,1.1717468258954393,1.0708063361830957,0.23086351951655856,0.9595506025168009,1.5897856104697614,0.3246367348989018,0.12612719777796655,-0.11480004258564744,0.3596472740603091,0.2693011574117069
current,AID032,1.3731439778049634,1.1073271702766445,1.182259379730677,0.3694062734289032,1.2530584551768498,1.6038025571318955,0.2772120052280277,-0.051178179538328664,0.23401213892162626,0.12114817706060477,0.40684983459237156
current,AID033,-0.25075008889326433,-0.16093319134679,-0.010927401199417801,-0.0014166425205483744,0.45255055179018044,-0.29795011011994854,-0.1535942744604873,-0.008599590719603173,0.568963522934455,0.5112734831764343,0.4529357572082443
current,AID034,-0.15564630615680092,-0.21547376608555044,-0.7356640386011276,-0.5333126955506718,-0.32108331879059954,-0.45700750335325263,0.04183793235978411,0.3908059989917733,-0.12271803380277663,-0.03380548337872133,-0.19561661357093288
current,AID035,0.21607777628186747,0.3601153655161895,0.14981182642086388,-0.16328214315367345,0.4011246545980138,-0.2816091598223324,0.005878766452059309,0.7367274287133131,0.2849563625671776,0.0784165348375499,0.4340752203901528
current,AID036,0.9813584214834465,0.7826032021146243,0.8773672193856875,-0.45217991627135723,0.6581188337621657,1.1972920814224568,1.3883148822289408,-0.0966840874996679,-0.13239995699552642,0.08072326979797695,0.12646054218167127
current,AID037,-0.9600152311696573,-0.5904379007615459,-0.6077514272531297,0.08225042502586855,-0.7664824192359297,-0.16360778013495653,-0.6575339106706838,-0.6429443265729532,0.24027898394211616,-0.20724696171836213,-0.08881997553798285
current,AID038,-0.7372019099920701,-0.23867232829879,-0.674740541689017,0.2001544540972196,-0.5981748159747334,-0.7641697236939767,-0.6776688421201222,0.9906051880158873,0.5060237768313406,-0.19728115257649012,0.0336573855540131
current,AID039,0.4485734853022372,0.8731894847446521,0.2779380915062265,-0.4041204761912107,0.21331085237557007,0.19070796013939406,0.7185354366542587,0.6781156660591814,-0.03710279236339287,-0.012198784850344258,-0.11463178949458833
current,AID040,0.011955079059236665,0.5309004943194205,0.3517821209541723,0.38621150896364304,0.17840254654539653,1.3045464854185596,-0.165027576339006,-0.356565686487246,0.25779415037647757,0.1818698667474142,0.10719170648513567
current,AID041,0.6668170047760398,0.11147332594633982,-0.05554333184745534,-0.660739830904284,0.6847624279935954,-0.38211056366926843,0.949513831314452,0.8986249496384153,0.08919292677060994,-0.044523516070183344,0.18176768184441236
current,AID043,-1.9093708539922194,-1.0349400901682388,-1.1640509705383648,-0.4661974152048163,-1.653466506636315,-1.0443906417991173,-0.6117209512830455,0.5282405908326991,-0.6697042985670167,-0.7624717383178281,-0.5177110217026155
current,AID044,1.4548822435469626,1.4640083708049734,1.3754981801981359,1.129899659989235,2.0092317778513156,2.252033734355326,-0.1084635374923272,-0.01720931142428346,0.6240371276444587,0.23463609325308274,0.739714165823057
current,AID045,1.4870341961927842,1.1549251545282528,1.174408254875191,-0.3279665955736125,1.094122966931629,0.9267184711777949,1.073241390234193,0.5577466197277267,-0.07094397235953256,0.7802268745605861,0.8118206371685267
current,AID046,-0.28018845109761825,-0.0030800503553463643,-0.15866564670263417,0.09432484595353754,-0.004772297440712586,-0.06409277927407629,-0.323101171119747,-0.23513486748316376,0.6012878220588693,0.03988025967227278,0.09126709302403607
current,AID047,-0.34234325116463626,-0.05519059875709373,-0.7540487818444842,-0.23347055482933268,-0.11971842334574428,-0.45685725265197413,-0.4914129882518274,0.4018083841111032,0.33294581141927493,0.1689614057616995,0.266673036324796
current,AID048,0.623888862112595,0.12762171367076325,0.17897536876248185,0.04287617798266026,0.8784088473586368,-0.07492805559902953,0.04580043743377493,0.03975519865957859,0.07645672063717932,0.2788821633006529,0.5212845320602546
current,AID049,0.6814268886602186,1.8687809533027329,0.832969831998206,0.06878244281434198,1.8743654175212718,0.28754039395560055,0.5587143473337898,1.110797166170036,-0.07160285260416765,0.14887667711992272,0.7789681446627442
current,AID050,-0.057899604480510444,-0.3286663704562376,0.15202649009096797,-0.13586970262935355,0.10502542677969594,0.5680163049849095,0.10956524004524178,-1.0448026085794884,0.35998083978442885,0.3155148509392729,-0.15552313081143185
current,AID051,-0.6056907813039852,-0.3136329207018286,-0.45550635906961984,-0.5557158682954392,-0.39019831242494274,0.006423549735391804,0.357400758381607,-0.4476855213918348,-0.6326626794557194,-0.31800044137808026,-0.04630025336486765
current,AID052,-0.056989204320314,-0.5935231311840649,0.09738439527363012,-0.29737128615045766,0.16886387277141068,-0.3174779193677904,0.46061797407735183,-0.4052333895646985,-0.22305159128108898,0.33998229366596505,-0.046008982464514875
current,AID053,1.608430329532441,1.244799735960726,0.9935469047877142,0.025080009547517105,1.0855655356937228,0.7610559416876119,0.43371694114127063,0.7112016488529902,-0.06172660878550851,0.49197939689841863,0.11739731717937643
current,AID054,-0.9747022513498917,-0.5951805583233518,-0.5197092646705621,-0.008335956082598184,-0.5862378971176639,-0.4104608372470799,-0.49442169821818327,-0.47118081376984233,0.5907423115212029,0.08503667077065984,0.09693387018709655
current,AID056,-0.6855489210112231,-0.3353016233128028,-0.9165266288256791,-0.16029823797588577,-0.26090888635295734,0.17302771575025483,-0.6129985784368159,-0.6638582215009259,0.34771795785459464,0.0029255361107579647,0.5128340327332929
current,AID057,-0.8898303930932625,-0.3010429817190978,-0.9735373573466881,-0.15067830285799916,-0.5511679289913883,-0.5974225053261158,-0.799123226046532,0.2208995371462738,0.6566050080239304,0.30808218778490437,0.08602170861931473
current,AID058,-1.2203347300192076,-0.5916139174890468,-0.42943588490211454,0.7674721081356725,-0.7945371753261218,-0.6094099943719598,-0.9552317173353034,-0.26289893239204787,0.25140792783695637,-0.11305628551803329,-0.19249757209594467
current,AID060,-0.5133736340399097,-0.416649525360576,-0.8339905315214293,-0.18724787131702897,-0.11222766773858184,-0.40209720786681985,-0.6707661449502842,-0.33162783116397376,0.6240371276962682,0.3600052977985694,-0.10891077094609744
current,AID061,0.07537678475638364,0.12136783079402053,-0.35219608653757173,-0.13252908512890174,-0.8107037344253355,0.0702517100071014,-0.09823779456301154,-0.15410465436222825,-1.3175861384105054,-0.20287001210200675,-0.37293596738710033
current,AID062,1.189364387323252,1.2968367888637409,0.4091594908476531,-0.514321497942287,0.7097937377593162,-0.020843445239288855,0.903438163458694,1.7684834287722928,-0.7114308137948284,0.24949132328402185,0.7156566176467081
current,AID063,0.08941094047428878,0.42254698872421703,-0.30982189160197354,-0.7683982206852696,-0.25641135066003307,-0.24275491496869345,0.622172850434031,0.9810233407119393,-0.23542664895002946,-0.07019898547130993,0.1929663073562778
current,AID064,-0.4214134414662719,-0.07346530590080702,-0.4062990929217065,-0.16398296197167886,0.6365937451264783,-0.3800711493602243,-0.3850272412046644,0.25012757129421465,1.2261940639912678,0.9498214459727042,1.1685161357257225
current,AID065,2.0281332007513875,1.964978071551332,1.4605337788578716,-0.20488071088009688,1.2827676516280615,0.676637269834321,1.1911726216461858,1.287010662921066,-0.1417436430124111,0.1583485567749967,0.2925965707185025
current,AID066,-0.9197265185454242,-0.793423504039383,-0.9509192307699823,-0.7110501813768281,-0.8472694232949339,-0.7001227064375523,0.10988322798837757,0.005078655639450244,-0.33720550101559693,-0.4638153702230722,-0.28957251987704213
current,AID067,0.8811383792244291,0.8549488273614541,0.1504173492764762,-0.2280305791426426,0.9111056040234037,1.6286783031642529,0.2656851068800462,-0.26131855394668513,0.39097341483430365,0.4676035983941177,0.2807269320384651
current,AID068,0.9766460109150723,0.7618292939097085,0.8761037147936952,-0.1768004926644999,0.7367904673906975,-0.24566645003644982,0.6532496424510025,1.2126308656955787,0.025401036000895605,0.43357334486566146,0.7724536097552106
current,AID069,1.9242602142236096,1.63114415997612,0.7690523211296627,0.16705690016033684,1.9029874351522187,1.4318278844690264,0.17389389193934773,0.476716823690074,0.5422856728511278,0.6998421577860041,0.7109712687867714
current,AID070,-0.300437766762251,0.08039056991805422,0.07419171122613084,1.4111366670018126,0.6853899839853236,0.540321150203353,-0.8586439965348258,-0.5179892386742301,0.9664980934091248,0.5737776026349541,0.9967966859843097
current,AID071,-0.6976212192304637,-0.009072849492450269,0.24990221339647015,1.9742845188563203,0.5376344462839006,0.2911700514087811,-0.8610538051761901,-0.35348659993408815,1.0998526399596191,0.7825954365125461,1.377229014843156
current,AID072,0.2879627360271457,0.5940648064232398,-0.3103227665031773,-0.6254015598627052,-0.04670244728628212,-0.30828863195915296,0.533579351870266,1.0397051326820894,-0.5319386413768044,-0.09096414717460313,0.08720797142454426
current,AID073,-0.03784292142105135,0.05865267231030287,-0.19647487343576348,-0.7352394173823447,0.13408676290763635,1.0297856197139048,0.8489847559372163,-0.828880909791187,-0.08465847004381608,-0.22889974680055478,0.5084741463292825
current,AID074,0.42170626590528487,-0.5955906945314468,0.48334282098769366,0.4958909771839729,0.2801726501843785,-0.18858170825418874,-0.33611100367595714,-0.4852272868483063,0.02540103606639292,-0.11514516378715758,-0.026774662612731537
current,AID075,1.6281301979341776,1.483007300682856,0.636694665481024,-0.07014355002648925,1.146355423009196,1.4780739782918335,0.4921980712499684,0.7944149497428958,-0.05198946036647309,0.9426313032864573,0.7417127996579589
current,AID076,-1.25055282190774,-0.7596280361337591,-0.9255418579501976,-0.5917891371137353,-0.7734650318613842,-0.9608656193935228,-0.23367188584220416,0.11966138800263848,-0.16631136950526715,-0.12681551187933685,-0.43134270058439883
current,AID077,2.1154059076133596,1.6370734496435957,2.2583303166437316,0.3033951853708047,2.428381688292023,0.8800981957085338,1.291341970480874,0.7130096321833747,0.6196728606780149,0.321821792032988,0.7337291153264968
current,AID078,-1.1982691503899185,-1.0694982932592914,-1.537755924386313,-0.5264758369518129,-1.2307821392543081,-0.861785441853842,-0.5824699087363738,0.5808353320595956,-0.24924066269050144,-0.39174145836583485,-0.15746927786338824
current,AID079,1.383901162917328,-0.08205354468203566,0.8724666070328715,0.3685306958451995,1.1134271359400976,0.21071454023556252,0.2212545151923225,-0.22504364923817066,0.19327443278784273,-0.04905141718932479,0.2876659885199128
current,AID080,1.0115706777070732,0.7649197326508177,0.584314430456167,0.10037766304410667,0.9177901732249265,0.07726758701146338,0.1899769709783122,0.7290326743405293,0.34816579412245213,2.297255956214767,-0.24883156069113901
current,AID081,0.9554885184657127,1.081384129179733,0.49674097072921086,-0.44657363486338514,0.6929359794028893,1.1666730055616121,0.7344470548027651,0.35434404963235805,-0.045654431155328745,0.016344283660372855,-0.28270149003725686
current,AID082,-0.1305315557786031,0.3435406149917808,0.04591718400450241,-0.4800705370037601,0.2525213121556108,0.12356310917491767,0.3910009392188934,0.08322867696526233,0.5652732023656255,0.27205983108009557,0.005088575574725807
current,AID083,-0.9234723410689334,-0.8223744888413621,-0.945478095551062,-0.46458816795130087,-0.984489675546156,-0.8487537395834419,-0.1396730466825202,0.09876596368884231,-0.3605381489215847,-0.4410083532713811,-0.48900955529666834
current,AID084,0.6149880021195745,0.2261655524706244,-0.04362317577580953,-0.37168872883341003,0.06550760003079206,0.7680071655787746,0.29578767794639416,-0.45273697989668393,-0.42237137885011666,0.1582132710080624,0.07619441338304661
current,AID085,-1.2724677883671645,-0.6466920559647911,-1.0856197553213547,0.5427804726125197,-0.4971329169558518,-0.6138451178841792,-1.438432959860706,-0.3667247216250825,1.2036290478101175,0.5377448075187446,0.4074713681005486
current,AID086,-1.109854500593588,-0.5861745917343854,-1.2420456871372179,-0.27018009453345215,-1.2081876647058025,-0.835710777529759,-0.7887169615814459,0.590147445459219,-1.222138409196104,-1.011613159465898,-0.5872938935392864
current,AID087,1.918011913890956,1.582858024435376,1.588401908101688,-0.4775921652622138,1.8977161693440738,1.5904107736608524,1.882626438878356,0.5583357867533015,0.3363442363228582,0.040603882485699655,-0.08943268557696846
current,AID088,-0.2238634653838631,-0.36010979036139223,0.006895284718281127,0.2774579240189788,-0.1944761816435886,-0.518274425586345,-0.43440782795687627,0.18415768902480084,-0.018246047182662817,-0.1276941192650288,0.18935809471660967
current,AID089,-0.8947618926328289,-0.5812251916405288,-0.7486406100365345,-0.6254646409178942,-0.6703985853345638,-0.5045580998130397,0.06077104769856988,-0.45216294273201174,0.38178250089462573,-0.1246882269109246,-0.13789634244024182
current,AID090,0.34165703551447474,0.7214843908650612,-0.10604523244198323,-0.43255493978752296,1.549127978482527,0.3932960810775899,0.20609512519498038,0.501287774014227,1.345137646224402,0.8734977068621043,1.5851164448161472
current,AID091,0.9136897046656066,1.067513897956531,0.14891518432319362,-0.5116301643686189,0.602649871868699,-0.00739335727411293,0.7634997342520309,1.0687639923832641,-0.10369242459444344,-0.21254809321322007,-0.029767348205833433
current,AID092,-0.5997815456664075,-0.489396160033322,0.07751715668795513,0.30163623007659573,0.14861907710305666,-0.35441493944048,-0.29976826059481226,-0.5187851073771489,1.0568697371490332,0.5220667570168964,0.16529853157675878
current,AID093,1.1824806579085336,1.1137041804793002,0.6537184730051098,0.5677209974257788,1.3936653921492685,-0.027811940069929278,-0.058265835002576725,1.2592027849683598,0.2592836145411529,0.5102325837374015,0.862587552496471
current,AID094,0.09588804071568212,0.28138231539698055,0.458882227421973,0.1294496048823006,0.5658099036947493,0.05014683447767183,0.037452981440610586,0.10679076004062148,0.6929748030608834,0.8355935127859795,0.4214499907513535
current,AID095,-0.6378651047638305,-0.3424656838278687,-0.7343578082069692,0.061155064553531174,-0.347227411667666,-0.7409951095490305,-0.6550922277941766,0.8024960025295838,0.15790970202867666,0.04359818431200152,0.01850298782204088
current,AID096,0.2192147504968041,0.29840117057347415,-0.05254345206545971,-0.37466910032741807,0.22935501026824084,0.08960132882897724,0.4060942546352552,0.11550525471418856,0.06387079561378776,0.01789135713228368,0.05267194150300816
current,AID097,-0.4084103558947574,-0.444774235011389,-0.77763386020506,-0.6769239152674046,-0.27173756831847234,-0.5261198074383702,0.288821675920805,0.6081173227593171,0.00525622838297507,-0.047297938267300166,0.27096456929408924
current,AID098,0.04940017805433618,-0.3087115594037225,0.220761400427223,0.8716313008598299,-0.2414487701831851,-0.36980698506372,-0.6300974787006249,-0.22169646538372267,0.2106389860457971,-0.4623900843527696,-0.1187662232272216
current,AID100,1.013042792061994,0.6841128017403344,0.4048125613608236,0.037968174947986114,1.2365354919363263,1.5897280337772666,0.02382786671132498,-0.37948509063111474,0.6352610795928908,0.46755055577615334,0.6981151789845865
current,AID101,-0.40543358371974236,-0.04803970674876823,-0.4043838139914305,-0.5000769471513303,-0.2712653676058208,-0.4026621151433604,0.13362415093506014,0.33560241390010537,0.1924554957489761,-0.07026899581566115,0.27227546887449633
current,AID102,1.2347626362727635,1.3461979738527852,0.6643659925905067,-0.41756645292665034,1.4609021575205605,0.6254876258896932,0.9092421951124424,0.9798409485911557,0.4138775328078286,1.0628323073239414,1.1634604955482728
current,AID103,0.7623153400161831,0.7295286388315064,1.2533329825844366,0.9940254451221947,1.2954683331109544,0.9002659789847904,-0.13317213987030632,-0.046902312929215026,0.676357552976403,0.7105858995109163,0.6307104750113789
current,AID104,0.9845593548622794,0.6385828271540152,0.3207512916050184,-0.4957144219700036,0.9288593687721921,-0.3972763249969244,0.826128232422946,1.610922588087499,0.0404025541183516,0.926110865237745,0.3699951184205683
current,AID105,0.29351179134915795,0.058397920789637514,0.6457531605073905,1.353429801414577,0.9474368123441551,-0.05649703681374903,-0.5444245198054246,-0.179006071619834,0.5286367320168399,0.382794137321087,0.30580468482497525
current,AID106,-0.21694376025474893,-0.35263334226284027,-0.6378274023560947,-0.6871733099705435,-0.46876835250483107,-0.07670550975034322,0.1525816983731867,-0.6394316897239678,-0.33558650935848333,-0.23652452489862832,-0.4191466051634464
current,AID107,-0.6703321171656492,-0.0700938220372945,-1.1271739434903665,-0.7180202427738351,-0.6873977110340396,-0.716336914390667,-0.11971799123303387,1.1111534442001423,0.11034567900867995,0.2514301354188467,-0.23167499218679424
current,AID109,-0.28112153327320294,0.23308403170548408,-0.5180317178603601,-0.21307660961309402,-0.14229256573567622,-0.42731024774983434,-0.2789266910851861,0.5637743535490287,0.5325511539900069,0.26460856460198856,0.36228239316073463
current,AID110,-1.4125374239915747,-1.1267398850706514,-1.3042661291784419,-0.15594662505699633,-1.3911714537395663,-0.9265736645874043,-1.0439991203485834,-0.3816887013982913,-1.0019841524423165,-0.6658978768327304,-0.42890917508734894
current,AID111,1.4419628890329166,1.1755162344178238,1.7886261981107028,-0.31693029132284417,0.6730606674580712,0.23508065130604827,1.6341844671489147,0.8009583358445256,-0.20357687294670535,0.15314268656113922,-0.07417086015981042
current,AID112,0.5583812189621945,0.6860336696151588,0.5088417484396063,-0.2669087827299074,0.26422962617939083,0.814894010441506,0.5055390474119548,0.09370827446157595,-0.016531418414651916,0.297347807784323,0.3655002248031286
current,AID113,-0.46941680323934676,-0.700989722058194,-0.4672135079359424,-0.22970958347738538,-0.3931843660912955,-0.4619532085982501,-0.2547919887404024,-0.7589871139384682,-0.3227926221442632,-0.3774309334144095,-0.31605431299727604
current,AID114,0.14921673515583275,0.2750727375038619,-0.06475145240132771,-0.6914563949833172,-0.09974980522907267,-0.09579477521801881,0.9331026797662708,0.26126497436265156,-0.3177305281979724,-0.22183796608094955,-0.30525098808638795
current,AID115,-0.0684920366756029,0.15666645230836818,-0.15096053843877344,0.013995185652531435,0.269277887757291,-0.3957730791489871,-0.16982417206848033,0.742024637390745,0.6046834767430431,0.46735186717627797,0.34161325713414187
current,AID116,-0.6180398417400602,-0.4513040870609154,-0.5618852349781563,0.5492602265817735,-0.3573642947927518,-0.058521988046163445,-0.7784737118562887,-0.7511917895165863,0.12478225818855433,-0.156844267250531,-0.28220755059364877
current,AID117,-0.8207920094089357,-0.09877919540526217,0.378721764659756,1.4370676382966256,-1.0350695825043439,-0.2952274704641351,-0.7610492516067939,-0.07554239734529285,-0.5888454594287995,-0.6752277195464832,-0.5201539289891288
current,AID118,-0.38507477461508605,0.2388276988772042,-0.13254829616688857,0.11222838644472116,0.11322178384013963,0.031690929825010206,-0.17111267805359812,0.06530798305236364,0.6268079436291871,0.30778038590880163,0.4390566433684181
current,AID119,-0.1832575142799116,0.16760273956539684,-0.0312999562839799,-0.3944394675382568,0.3061977742866093,-0.1396350975323864,0.4349609438433473,0.28101525388539483,1.2178440291095103,0.8346364167989194,0.6544864742122389
current,AID120,0.18347887266842614,0.5942968583509398,0.07161900074884833,-0.5502807321496206,-0.16561648505642557,-0.07445653544416926,0.8032703176197651,0.646322006260447,-0.4077123277400643,-0.18077104696743232,-0.151571606684919
current,AID121,-0.058789598027024256,-0.43484326903490533,-0.38559308917553115,0.4613276266566143,-0.6123122076245754,-0.4541574125643005,-0.7168560112014609,-0.17429310801612014,-0.7333867175379852,-0.09778255359759638,-0.37728956568966665
current,AID122,-0.07259396195181612,-0.017966827489855453,-0.24884766622686572,0.37896645083689984,-0.13230555529854843,0.5198162933754221,-0.4638765692362447,-0.5221725432893182,0.42433431242750297,0.12426394987370881,-0.2583959113906823
current,AID123,0.4618467623032137,0.6654122933232881,0.5043404745737958,-0.1495037119608832,0.026731126228698165,-0.2408469328540762,0.2947117856464028,1.0499682556618568,-0.21633665539816677,0.10137280999615106,-0.07510553202748502
current,AID124,-0.5972112664648175,-0.7345894652271813,-0.5385212163627149,-0.7183362537213457,-0.7706653899177117,-0.46633295710392414,0.7010871303383056,-0.10476247493263034,-0.25961830340523706,-0.4181849344382683,-0.2713833592763032
current,AID125,-0.542189242411065,-0.6035952224432443,-0.5250343875430254,-0.448419568726144,-0.47334295060305953,0.2308774941965182,-0.02347892003387289,-0.7102782900497866,0.09607647209490609,-0.1419463015801757,-0.05817457492519515
current,AID126,0.17227992399479392,-0.8156672257984933,1.0618198067868616,1.3901599905012079,0.8750028369280854,-0.522179495804287,-0.4231480559283791,-1.0505915724651764,1.0004519776800294,0.31754645248035085,-0.0032687162153227645
current,AID127,1.3053950992236198,0.9171556237188135,0.5569808319433421,0.005578710415325646,0.7835417355228886,0.7339889885051084,0.2182942128857452,0.3400829471654166,-0.11309600605344589,0.05464864869864712,0.18455574487392745
current,AID128,-1.055214734772026,-0.7164993221445951,-0.7091475615997049,0.3258653625502359,-0.5023836901341189,-0.5497327164603595,-0.9391653297219476,-0.5966641185927792,0.6430627368573038,0.14619331264554764,0.002921228512950347
current,AID130,-1.354340679427556,-0.48548487034498644,-0.9385216188139851,-0.4955683894725056,-0.6142764801671565,-0.7007105185019321,-0.27440046063586393,0.10225500105867327,0.9252024428994777,-0.11194366626402522,-0.2366757934167472
current,AID131,-0.8093837468559251,-0.6857364359473006,-0.31414831353344136,0.17285480473732734,-0.28921455735118695,-0.6601035121684045,-0.5873496262627343,0.11521391982714346,0.21341924040408158,-0.009781420256877588,0.033066677861344845
current,AID132,-0.27877329277039536,-1.1367421695070759,-0.6186361858248286,-0.6164461880324815,-0.2634271844844724,-0.10437634080096751,0.23080770259975522,-1.1967547092559927,-0.36406524459475953,-0.3983265463071156,-0.045806524159787615
current,AID133,0.8052664690990066,0.8952646868765793,0.6575453441331859,0.6540068898184394,1.1336711372747954,0.6362590352349372,-0.20670564004623146,0.4351422572692647,0.5734751050056759,0.6211478828251301,0.46021785634954393
current,AID134,-0.6253071405621248,-0.298407561644633,-0.17792674098497138,-0.6284061462050871,-0.2022254315775911,-0.6044444008676007,0.7049661556333192,0.07735012380993139,0.2824485298904674,-0.25393930971291545,0.006916215204747417
current,AID135,-0.5850669355760729,-0.0433294817270887,-0.48249341905184573,-0.2954528249700886,-0.5006357228388303,0.29902038459882613,-0.15722575479502032,-0.22415303466005104,0.13869975338223095,0.07798066829040955,0.15862309618069478
current,AID136,0.5147033562227279,0.41849633953802345,0.3007988176458141,-0.577313074515969,0.4523235104547512,1.435811639597961,0.9833002855278077,-0.51961601790989,-0.03167591891495941,0.05612908477096895,0.36008607100735035
current,AID137,-0.04886345663643042,0.07703865582261135,0.009768991585430353,-0.012347075544365982,-0.44338476896254175,0.3311529375630034,-0.2176068443363461,-0.27055534874495474,-0.6964545702414293,-0.17428688156200242,-0.3360595577633312
current,AID138,0.38398954437602695,0.2504397230335606,0.030799300931386546,0.4048279286185112,1.3447076363384447,0.611577195062895,-0.3069906678919984,-0.28086450682121095,0.7976186612792248,1.1308173168671585,1.2781277462708975
current,AID139,0.5347868284646141,0.9272424362166378,0.9495037929031058,0.12955699746164695,0.4287767996379825,0.39318832205372883,0.27659776454846413,0.6045655750545564,0.4337810355545361,0.04107079108145381,-0.3355669588955862
current,AID140,-0.0015978871066370387,-0.11291101927102296,0.2016131481901657,0.007712845661653721,-0.39519331681408554,0.2960268698947043,-0.0296926301714412,-0.4063535685493112,-0.47808163147049654,-0.38374203217325686,-0.5554621054057972
current,AID141,0.7133761748752531,0.9719844355171211,0.5253196407014791,0.6494214941210715,0.7059821194100668,0.4138582962991648,-0.1902623942086735,0.6905166247448234,0.3765453580773518,0.6812100785188305,0.8697178430860362
current,AID142,1.7730320620135296,1.5165486488512678,0.9541633468650955,-0.4945653580346221,1.0876756729579546,0.4371242072515568,1.1675212317949792,1.161817474039901,-0.4704877793555149,0.5953737811323526,-0.09526871060133688
current,AID143,-0.7099814245727717,-0.17426180739199545,-0.329954635577461,0.6645878165931756,-0.35185206014239245,-0.44240092207313336,-0.7582127593556066,0.18943761809503337,0.7391379551098222,0.7231954822594368,-0.09324374321504156
current,AID144,0.2810656442387936,0.5640849233865745,2.1206723085062844,2.024923186732576,-0.134987735144169,-0.06748504251032438,-0.3118690213506763,0.3769247469231165,-0.14812770170759854,0.865817878151091,-0.2977371416081245
current,AID145,-0.18859142755174274,-0.18207793035702688,-0.2064843824976311,-0.6937689044120849,-0.2101170184521839,-0.15397544212601877,0.7054434604276051,-0.21905806271260242,-0.24981712007058476,-0.11904482612171932,0.2458016968106589
current,AID146,1.8187550856500692,1.2429517019121707,0.8667867531930014,0.4834738953057887,2.2512445977212527,1.2817979094918637,0.022608179231403833,0.17526405119977484,0.7069670270121386,0.6968402500167428,0.7929491881149309
current,AID147,-0.5798582611914455,-0.4357288754782829,-0.3307448152044263,-0.1744245826731796,-0.45803918773074226,-0.467715570167005,-0.18972076824234196,-0.3111260105185337,-0.12778346963852422,-0.2658827807410432,-0.20938820824211166
current,AID148,0.7575484095358289,0.10201050053697636,0.0533412036129806,-0.8349094877462682,0.2298737293971204,1.073881007758021,1.5958120694391198,-0.2665783321429624,-0.19882047064447428,0.16144191833422747,0.14267144307696075
current,AID149,-1.4829193123906448,-1.299285656258996,-0.3073813289686107,1.2509971172585568,-0.5276069838869949,-0.8977770678280158,-1.0660898356406765,-1.0543046415983979,0.8955572081372737,0.16399461770426277,0.42216193213890874
current,AID150,0.06710555527258234,-0.17111222062076895,-0.263419587749651,0.15317595073071302,0.3344497486543516,0.6802850232831498,-0.43563990735608793,-0.9482353399781098,0.7074012822851982,0.5336494109604621,0.37271287314708307
current,AID151,-1.2899219532244517,-0.7310559239416604,-1.2329964960374553,-0.7041497132018173,-1.4400031289946749,-0.8247448872588502,-0.205928464903767,0.07606570489041188,-0.452041434577535,-0.6976742627026475,-0.7224693227442418
current,AID152,-0.3138809043347169,-0.06324230130501254,-0.22350677379075287,1.0355506007936182,0.8151888002092335,-0.40040789565092344,-0.9736601159848888,0.26096939533643393,1.4576607266082928,1.139525922672279,1.3308303316445642
current,AID153,1.4387630378943588,1.0828850842344029,0.6400845489972284,0.08658953003414957,1.3882238280510255,1.034293052772665,0.23460596488371774,0.3428460726782385,0.05897571535789978,0.27084120777846554,0.9169909734960501
current,AID154,-0.9526602685738841,-0.668960873445623,-0.5148864402719738,0.8580187864496122,-0.5424521481354635,-0.38220325379299325,-0.9732745580660765,-0.6120699484750123,0.04756321888115986,-0.13787490661487098,0.16167289179651534
current,AID155,-0.6202683029524542,-0.6614630397378206,-0.32018480597907584,1.3714750164855591,-0.3814346349272696,-0.37086060762417217,-1.0854694594323315,-0.6940773053989815,0.3544328937307894,0.05746348105351587,-0.041135366110586574
current,AID156,-1.8226871556266881,-0.9328789284761816,-2.0219583991082923,-0.6534411665215997,-1.7227809516974761,-0.8124235619333877,-1.1961950764499878,-0.32593093719863503,0.6028855210007265,-0.4933353938429369,0.005259838665886918
current,AID157,-0.380548141731535,-0.25349065041602503,-0.3170498530330949,-0.619861068777058,-0.17008632782731653,-0.2805297101598083,0.5447796580877237,-0.1751026059592471,-0.21784607985341592,-0.21350683973203696,0.07329958574846818
current,AID158,-0.5705678470689771,-0.8064385391858555,-0.7180952397996921,-0.3112657690610636,-0.6532597352430115,-0.565929304852707,-0.40068840851096044,-0.6352821725733676,-0.16261716843237295,-0.17873428050798976,-0.21371968280517792
current,AID159,-0.2443390896717615,-0.10578530947319356,-0.7084190791738344,-0.35041943321587893,0.03901622864266402,-0.33382111195710873,-0.31066422557932105,0.19443073597795762,0.5534302157316106,0.45143049002873414,0.5724575463691419
current,AID160,-0.03364588375068124,-0.5682173174493719,0.729216761317707,1.8054856109346846,0.9453160745943736,-0.32223035033636077,-0.6098374731826022,-0.5863201677397021,0.8792496314208096,0.7370996656745599,1.164005181265963
current,AID161,0.1731342378389656,0.5234316775931892,-0.08117729960787431,-0.3461508907772942,-0.4624734687994264,-0.4673645315119506,0.1943693152260128,1.6104366142265596,-0.921404921954674,-0.2675583224326863,-0.467462252817445
current,AID162,1.64438952009212,1.4959746107931657,1.1325800361377827,0.1840656758531606,1.3116872875845575,0.6023771126458233,0.4430359192480723,0.903815761385644,0.04214147461450948,0.5189690998613821,0.2822035125028304
current,AID163,-0.5270045834490383,-0.3212917501134217,-0.8669625437347632,-1.0981222061971008,-1.1605988068315338,-0.5514696422627481,1.3059724464446558,0.05096080648483841,-1.592468947229021,-0.7845556493811874,-0.4764348828509021
current,AID164,-1.0479683208770856,-0.6978516589468858,-0.9908297109294788,-0.18465625869577884,-0.6893464651079115,-0.8586281673105246,-0.8258525739227633,0.5281748208658289,0.5761881490642806,0.12203957275136257,0.33540735145805334
current,AID165,0.6470196596056426,0.7613386228931699,0.6390335096121594,1.0066145318175033,0.2221008336375999,0.0653674657288596,-0.38046613696780474,0.8336826560034144,-0.5027585023407138,0.029814661945942622,-0.09402986519280096
current,AID166,-0.3185131889749407,-0.9304223842410733,-0.32429095842541283,0.05403115146558635,-0.43078452668669887,-0.5552690244718957,-0.34291262206318524,-0.21907734099707954,-0.31773052818991204,-0.3637311623958822,-0.23515319360598944
current,AID167,-0.37440688105937237,0.1965995859191611,0.0051617366261380235,-0.6023842021982987,-0.07646470243111292,-0.5723519375986517,0.718353301898682,0.9058728682902777,0.06082401250884213,0.7078251785402085,-0.3456875892406607
current,AID168,2.389658611687136,2.5540425595472183,1.5883484229263078,0.15593301645258728,1.991658426324674,1.620388248457199,0.7793371745071196,0.8447088074277733,0.2335640480359103,1.2930820994413492,0.3929802768873147
current,AID169,-0.23676875850963142,0.08524706311699048,-9.405763453255965e-4,1.10091391611539,0.8008830830921942,-0.059244492857167555,-0.7923738186919942,-0.019332285548789435,1.1345170049734108,1.0229402138716432,1.2876371401765656
current,AID170,-0.16430868187236908,0.1057966120415344,-0.1948369816244384,-0.3797152521512278,-0.12755133971871863,0.12442032100486232,0.15088890230943142,0.05530225889957427,0.2837749693582885,0.10680184989111735,-0.3803295867620424
current,AID171,-0.10990682856080185,-0.19773926935180638,-0.5602372966656044,-0.44526085745373023,-0.7884923449053721,0.020278263466215377,-0.042828541203509526,-0.47968583421903843,-1.5156767466381875,-0.44955383018145256,-0.011397119654995153
current,AID172,-0.4172240578497417,-0.03632921667872946,-0.36363389779260463,0.5896729398575848,0.5227417282949605,0.702266517473653,-0.7472084432661696,-0.819740607660615,1.0340667995291577,0.6879028295514203,1.5012860582495309
current,AID173,1.3665761399706509,1.1893375867744806,0.5613541451809614,-0.5356517657315496,0.5381360098649337,0.6594112611437349,1.0403968251087117,0.90156352650405025,-0.5656830960660081,0.11215010384725208,0.22329724256709405
current,AID174,0.9579293868619189,0.7260328236009498,1.1002157262941294,-0.5680286314716596,0.3541471970077906,0.8412660106978058,1.650856507585097,0.12906258720066088,-0.8951502867647649,-0.40220254419129875,-0.080864218100373
current,AID175,0.34392791696668945,-0.0754046503981585,0.41371744628443374,0.47094182890684533,0.4511179851675311,0.8453423851469538,-0.07005493760517144,-0.7982056679976113,-0.023119408030761956,0.29132567617467614,0.8106809359349573
current,AID176,1.2639946805158064,1.0710330188384942,1.0172141391425031,-0.736792616567886,0.525082447231147,2.5819903379346694,2.048722949164791,-0.22417670744646628,-0.15383465380524142,0.2859676214314122,-0.04639670469512089
current,AID177,0.1822233923560777,-0.4149106050829745,-0.043406059657227145,0.570531834535101,0.20462370623892528,-0.08081040279454675,-0.5665171293191974,-0.2627429834328718,0.011971164251810135,0.056266251087542296,0.14606712801282615
current,AID178,-0.3240194800949659,-0.29363944852448975,0.19544251836984958,0.8526171948984638,1.152567098180627,-0.12405793939652308,-0.6945395429589645,-0.495920978389622,1.2804206453496234,0.9460679332386708,1.2716578373629412
current,AID179,0.2668204778336894,0.3637500211098982,0.6976829094807834,0.523403349495936,0.45462380055053664,0.5873086943127755,-0.1709882004087131,-0.2469059556018538,0.23401213886011704,0.013615362255602448,0.12197377172451068
current,AID180,-0.2700372421128366,-0.41704131666341737,-0.30754702691558966,0.043871990207860236,0.30429794628429296,0.7727387947785735,-0.3926575320807972,-0.820178321164321,0.7338267704902464,0.47675488812310785,0.48023783147578425
current,AID181,0.15360749974393917,-0.12933083960482453,-0.16229420708513426,-0.16899512037722844,0.15990857175451717,0.17629387089643023,-0.03581590945390782,-0.5173621991449524,-0.2130896775615771,0.10709029921900678,0.3408968121393768
current,AID182,-0.5970462760765021,-0.24729788682510181,-0.9819537794197644,-0.6728351301342934,-0.6039010918653149,0.10149384280861963,0.030212233192851358,-0.51492810592059,-0.035033386851130305,-0.1416737432068084,-0.03153994126425963
current,AID183,-0.31889762050555176,-0.007137687907400686,-0.36200776593210215,0.3369530331650796,0.28601139809733606,0.7958535026786088,-0.6800984164985058,-0.799638978299067,0.8301482478861331,0.5664823457950321,0.5658189430472613
current,AID184,-0.7270102871730598,-0.3751243213525859,-0.5631763150524617,0.013931297871820092,-0.3484449294044224,-0.5294910860866282,-0.6445266704685937,0.24575458206614686,0.4148673165723127,-0.006588774592807128,0.07650458395359629
current,AID185,1.185088942415988,1.5587099210585573,1.0382294924263407,0.4181817759306966,0.3444403788230339,0.6677735752292361,0.017109578354224737,0.6407845682906301,0.07202458396793512,0.08868681715623815,-0.2757376217079067
current,AID186,-0.16194269285056823,-0.08051717718411663,-0.23002380167017655,0.37999670618437864,0.17357006558478702,-0.2518680218882624,-0.6245368235625857,-0.021406404662754855,0.521306753492232,0.3286569099221861,0.2529887496623505
current,AID187,0.34022815600535683,0.38122862621196285,-0.25763737737320264,-0.42312939067285577,0.4886291096503362,0.034409006255657223,0.1551044456353873,0.4392516071172857,0.22128524686996587,0.31989917487048447,0.2838450387320699
current,AID188,-0.4540871716348597,-0.9848732848504242,-0.5919460394838086,-0.43761622746657963,-0.12799311097158994,-0.6268742779297722,0.0242424849144356,-0.38003079523056715,-0.42785713537951464,-0.41522758554216976,0.2917538011643198
current,AID189,1.3733385465918937,1.2243715381207307,0.46848445025413754,0.03187488237941939,1.0281598380411774,0.20559894862703518,0.13298872102652437,0.893008614229482,0.1816917135400015,0.10707938241223088,0.10402199207738981
current,AID190,-0.3919887749283766,-0.029193305164009975,-0.2830817137295696,-0.45535670319992544,-0.2082626452671233,0.030741339239226798,0.17222033553247373,-0.12453719810644719,0.22449933425382967,0.010369069462247277,0.08630278585345327
age,AID001,0.68696620143547,0.47259924629732253,0.18164529375068506,-0.019675612608399888,0.4433507673923692,1.0582425296022098,0.19529175969742354,-0.28062336073061694,0.08171016148522846,0.39417122692450146,0.47228816508299487
age,AID002,0.27697173445851087,0.212849110174553,0.5694193011446035,0.8589908091535642,0.5318689280671751,0.487785005641483,-0.5582940513725039,-0.3147273896417282,0.45814765358200427,0.4529569178639105,0.47826054221131054
age,AID003,0.19744891905276526,-0.19495051903495783,0.633381000720084,-0.01805720470348987,0.01581690722796486,-0.27522700680907203,0.4508530866812178,0.30826664989911234,-0.07638978916632541,-0.196366636683865,-0.2884569456108671
age,AID005,-0.6393945589786653,0.17318286754318682,0.6498324909334112,0.9144697692801499,-0.6156089482975178,0.4246105240959728,-0.6546811913490982,-0.38581991701479473,-0.662971030082626,-0.5810424245460055,-0.042020548932606816
age,AID006,0.2723631843652176,-0.40984966524092137,0.9240505245213768,0.007035745005850497,0.8093160403539083,0.280803006092604,0.43211433608815464,-0.49109780784401824,0.6768269568727563,-0.013469305483052668,-0.5027780127743184
age,AID007,-0.24427511608721744,0.28899073506592887,-0.026471386014179712,0.19448818558509978,0.5399864987870353,0.6202056405325009,-0.13090718533699466,-0.3700141352089329,0.6422737067883287,0.4114826934896929,0.39074102175354153
age,AID008,1.5937871852627081,1.0129484483919378,0.45183754534511844,-0.3546807196516114,0.74172731597947,0.501777568669737,0.8027123185376699,0.625957199612803,-0.5419104886277534,0.09044836741885755,0.19814252100288493
age,AID009,-0.605871575176526,-0.5184427187068859,0.3747394003062194,0.4756823427025707,0.3042620288170986,-0.7796813443102777,-0.5022593048076714,-0.08854655940263811,0.8442234956237387,0.513842200111785,0.593517549549668
age,AID010,-1.3652343286934079,-1.159660469655043,-0.08055621556058029,0.4578163464331254,-0.15494397958829279,-0.3530254464158414,-0.6871672516717467,-0.6051275900176007,0.023989035682345256,-0.19824323634053437,0.18050407674786545
age,AID011,-0.11932512775628612,0.0993496360084253,0.060559400011578106,-0.1078526037627058,-0.5339948457720354,0.5835447728385217,0.16479102048122302,-0.3927929224612423,-0.5553332505832714,-0.4800645145425134,-0.32001833220050113
age,AID012,0.8692942706906879,0.7454014213147604,-0.12149671746661309,-0.725461761106043,0.2500985514891136,0.30333076882922594,1.0140447205097143,0.6339965506751662,-0.44816594838856905,-0.11339861736017337,0.3408759910805197
age,AID013,-1.0508958617312123,0.18587936694394264,-0.4814710539277793,-0.4051465731389744,-0.247017523491697,-1.0449213933616541,0.3660057096362387,1.2041363730258876,0.5116598754413256,0.02752358232219923,0.24098689698340842
age,AID014,0.4295230593043699,0.8400428414346132,-0.48109770077231534,-0.2780860867285271,0.4352655435878364,0.42742477436232496,0.11427764122569896,0.7036633598198034,0.36297422858256534,0.43922966337561953,0.2494340591518767
age,AID015,-0.2940649986730973,0.07481130776135334,-0.28307507363677414,-0.34191440842912957,0.3352212169612442,-0.617377910233384,0.2063273074207616,0.33045308227386905,0.6580659149183182,0.328530001304025,0.16721733960948487
age,AID016,0.8710008551614477,0.8902897858374484,1.6412061200299832,0.5516608156402087,1.2174033346016242,1.647933360632559,0.4300397306732003,-0.24348582829867904,0.6978104762194617,0.7313429742878707,0.5867894902643953
age,AID017,0.8045861898728726,0.5991061324339193,-0.1388472137575338,0.0636452777428039,0.7386591679113987,0.6028169201597022,-0.14503088839599226,0.11926531314960861,0.07640460177102312,0.481339081697929,0.18387588412928357
age,AID018,1.007795062964891,0.718861161818478,-0.26840050091220563,-0.24609472025807197,-0.2578483747084346,-0.17951357969357296,0.3177519467717641,0.6955725791426268,-0.5358593599407034,-0.41543658161481956,0.07925102044896724
age,AID019,0.6539038246943987,-0.12256946643274239,0.9003672645423529,0.42967951638387913,0.9900602348041254,0.373721204009698,-0.13146559017422332,-0.29861329127051084,0.5746121235285064,0.7093243379838328,0.5260355032829848
age,AID020,0.5052105393886311,0.9674196828560903,0.4838392440343383,0.01045923706640562,0.2228922892680169,-0.25593810684429313,0.40895143438025744,0.5822033262347053,0.15068228126903507,-0.3574591825209823,-0.0813740095126044
age,AID021,0.3099381592846499,0.7111043441123307,-0.047522066864586605,-0.18158368441092892,0.3206645864070189,1.006557632976582,0.41743531317993465,-0.03024155539234394,-0.02188149396586761,0.15941609910144827,0.2406465091420791
age,AID022,-1.1168185156232857,-0.0960644989729593,-0.9709978718112843,-0.19447859301971093,-1.2258659672109997,-0.8941119810856737,-0.35342760951335456,0.2473137875995936,-0.5127619046161928,-0.6001305597552686,-0.5688004221739247
age,AID023,-0.13983854443415736,0.015498078877849708,0.14614046364315605,0.7104504822423985,1.1684817563975898,-0.005282210118432024,-0.8225185013505585,-0.07996549418909474,1.2537996071976394,0.6872486869932553,0.657160412050977
age,AID024,-0.6932499749296662,-1.173179070974903,-0.8108987123353564,-0.3703031602964677,-0.19148455924300015,-0.5635335038825228,0.053459291496420605,-0.9881488819226544,0.3599241817949915,0.4182735914473058,0.07918309114123814
age,AID025,1.240824581417568,0.8486981286579102,0.37336871997652926,-0.30398061465555526,0.3256671104422942,1.6047275958685296,0.8367010237128032,-0.5857529021277986,-0.36047414368710895,0.18283408985856336,0.2366727414233983
age,AID026,-0.31942570152707445,0.5082184813288195,0.2401685294075666,-0.21649615562678462,-0.7198955281244543,-0.3699087113812595,0.3981770192240019,0.7184088946916212,-1.0674454485067497,0.02517531744018925,-0.7119093223832564
age,AID027,-0.9378462033504454,-0.07235297991657832,-0.29699886525378094,0.571385039029211,-0.4981780763855681,-0.468764511846804,-0.9894522133008634,-0.004706886724962375,-0.1319100820517448,-0.08918774954591888,-0.1559353522293013
age,AID028,1.2595890044397768,1.2332085242730328,1.0281126433373864,0.9055215331380864,1.5077952156150956,0.5721781855422244,-0.6289372146192267,0.8342458343582073,0.4417339659066699,0.8436542551948917,0.8124882525876602
age,AID029,-0.2557427847228889,0.3557018569636086,-0.6411585120366136,-0.6694617988326411,-0.6938061326908173,0.5047655808061764,0.6579439218742071,-0.10831837194287636,-0.770465247088496,-0.7206625073019429,-0.5268245224395581
age,AID030,1.2459072093161476,0.39539455111335986,1.1517119595203182,0.4171258395491966,1.4579832105492263,1.0881178512628917,0.37016225420156057,-0.33064896306322294,0.6517732786777168,0.7757867593091363,0.7915941471117139
age,AID031,-0.41961477598043734,-0.26929085555842625,0.011902464317910161,0.4433316552869574,-0.22243258962342347,1.0714594989084463,-0.6201173663265778,-0.5228726435091563,-0.062468774638655744,0.04528977320250811,-0.06121967962950367
age,AID032,-0.3015721577957943,-0.2869627923981538,0.0894244924841927,0.42145335381514326,0.20632164202991385,0.8757070458941667,-0.4184059474967972,-0.7283576766475066,0.29771064616639414,-0.1190271124422086,0.14120726015127327
age,AID033,0.38711316562428116,0.4339722978157736,0.6113161140152527,0.09529871858532385,1.1520370482303504,0.303014932469954,0.16576857487086702,0.2571850508728968,0.47949997881713136,0.6410549914890751,0.5935517444692417
age,AID034,-0.5141703605585008,-0.13079375913818678,-1.1401290269626474,-0.5749645402923754,-0.628868507850418,-0.8875074693486587,0.09444640889311542,0.47580542629402717,-0.023760117393947622,-0.07697848726071593,-0.2050152936206994
age,AID035,1.0402734208906659,1.1117159387417006,0.6580100531347804,0.023034743867285143,1.001786420138207,0.07488220200362317,0.26465066703554907,0.9764105207197046,0.24818107974485926,0.2830816662929254,0.582414568243332
age,AID036,0.942567772592815,0.4943735784272849,0.8632154499627601,-0.11282923827049526,0.910319662034186,0.9277941266796935,0.663579937823768,-0.3702709791459722,0.5057341993705671,0.40131198328815243,0.5009134638322128
age,AID037,-0.22850750689620875,0.12655488275929935,0.1705815946962264,0.20085765040633521,-0.232673430279657,0.6823318858119469,-0.084498172206991,-0.38059535439574227,0.0964639110558772,-0.06505418377133931,0.0191008789117931
age,AID038,-0.29728245109448176,0.39275220986052617,-0.1943652856798144,0.16191174711624684,-0.21813301437758845,-0.671443909776571,-0.37450718486746426,1.172720268489802,0.3749463908894836,-0.020324995374939092,0.18940196656356892
age,AID039,-1.109855780587309,-0.35806444747325117,-0.8921341029940041,-0.3546166973255461,-0.9525435018531567,-0.7836042812815,-0.022526680938238095,0.24328438382199036,-0.00684239172015233,-0.16324509270895288,-0.29199787291956336
age,AID040,0.4577010595132723,0.9978941232306238,0.7685087861948592,0.33489393336402173,0.5549908582576895,1.6437970752346445,0.024481502174984363,-0.13269284591411692,0.2507767322614722,0.2326475320627831,0.21596985406334865
age,AID041,0.9099445964330263,0.4635484542627718,0.05931714889538338,-0.5161798591380832,0.85998604350776,-0.2627381783664395,0.9884047918309677,0.9991631614517067,0.13290948028390576,0.05035308163593161,0.28472073918344787
age,AID043,-0.9833370149272747,-0.3118331608394743,-0.02155951013314196,-0.22041957606774787,-1.2295289875877928,-1.1887378323740365,0.6058963339025369,0.7962989641014518,-0.7780716642084801,-0.8691961310256934,-0.6868889765671284
age,AID044,0.373377601917269,0.7417390530094439,0.7845769312355687,0.9001121065887239,1.4894866337948565,1.4807061613872108,-0.7105173128209578,-0.5950797391279139,0.8989863932993574,0.09513846483899147,0.555654465923546
age,AID045,-0.3532607710983034,-0.4310717577919324,0.024873144860009418,-0.39314263747286893,-0.07276776110165531,0.08677370099735135,0.2208547131206615,-0.14372273973861638,-0.032410798794495654,0.42392283391343355,0.4274044015929387
age,AID046,-0.31946351896540326,0.3364466075967028,-0.04411858049182025,0.13410750847613892,0.13720017878858057,0.39842147981622283,-0.17625770661490633,0.0018024667511785247,0.6340868378982015,0.20529066665379103,0.23080497196930172
age,AID047,0.589776095220553,0.7237736143170589,-0.2140979687971669,-0.04500122310973809,0.5005903226798939,0.04509495096828639,-0.11116082806389126,0.5663332051590679,0.2309157158239757,0.28007982945699184,0.3572020617473617
age,AID048,0.02206685513370194,-0.11242195313252032,-0.3556478245252431,-0.004399901595222792,0.3175014448271379,-0.38748585507066535,-0.14651683930203915,0.023186064022064357,0.2075008940132953,0.17599806924679476,0.3430901534761887
age,AID049,1.1144922359712346,2.350957032442958,1.2371402145472081,-0.029394069731324926,1.9202009368807547,0.45433601163487525,0.7819241050042693,1.1795838232735436,-0.009101224483783837,0.29926935401790844,0.7504140071562576
age,AID050,0.49967962299651475,0.08504849459460895,0.6985325961143803,0.035412030881091586,0.6015287830572836,1.2790861581573667,0.3721732302739972,-0.8560881627975292,0.32519611675833043,0.47868825053169123,-0.005420035975982174
age,AID051,0.5492194279040212,0.6309092581943958,0.46823147684365524,-0.4694282961803272,0.3475766168592478,0.9482953692412608,1.0646857724233125,-0.17995877602693927,-0.6591621458131826,-0.21276133898053118,0.014344918755623548
age,AID052,-0.5320761545401914,-0.520396267185846,-0.30049210327595327,-0.34525816145408594,-0.22336670609024264,-0.6968510077159111,0.4356876758138877,-0.38915306980383213,-0.09300460284382786,0.28088068363990537,-0.14314313256271885
age,AID053,0.4623422320134792,0.18101620861479087,0.026386818384301416,0.2765044364183198,0.2128946651738365,-0.33492219929425565,-0.3616921462980452,0.16198219959478788,-0.04746207898217744,0.36157234592407084,-0.07573866780604047
age,AID054,-0.807381607089002,-0.10719131131451101,-0.15413882118137676,0.13088078022220306,-0.25990399889544635,-0.01829665362279352,-0.33622307785161676,-0.2396930708908357,0.5279746023554299,0.21012531653739333,0.21293217076439014
age,AID056,-0.4606064922312007,0.15244548677720487,-0.6942379862588994,0.03423689034022012,0.09423429604614104,0.7295974433514869,-0.44262622274114627,-0.4384655540655007,0.310288273958823,0.13779384710769527,0.6063486931344151
age,AID057,0.049495285846492085,0.6486861113249994,-0.21457291279789936,0.06302239613646812,0.129985584533973,0.0022324768239401632,-0.12601289145046085,0.4709538877329088,0.45550246241521797,0.4052867824003942,0.17595721421790608
age,AID058,-1.1491216500331598,-0.10343757882442559,-0.026240666172274586,0.5196444583170923,-0.5389159454049682,-0.48632519679240527,-0.8397173618182487,-0.04828060464810083,0.21473380452454643,-0.011294242336575722,-0.11361465686312003
age,AID060,0.6789002691520102,0.4738582427482917,-0.03099024157587304,-0.027614541732245805,0.6912565842703694,0.3942293039100857,-0.008606939898440174,-0.05030264174710261,0.4352360357037003,0.4618637372455538,-0.030558104195590047
age,AID061,-0.07446199267312381,0.3069830394429284,-0.5853809064947346,-0.28646188912592463,-1.0249629143330983,0.11721048090390065,0.07166252662278794,0.014210242227216036,-1.118929266891061,-0.23298111749325895,-0.3423425206677737
age,AID062,-1.0114215280052936,-0.1705027313600392,-0.8917299714045372,-0.6752797710364858,-0.5493286438584266,-1.2124135768356887,0.054306009730687846,1.1307273681777472,-0.7696734302424553,-0.14033240555555238,0.30272032545711886
age,AID063,-0.17351558395004474,0.6466212391279937,-0.5612601378481172,-0.8287189519082422,-0.5061776845557231,-0.25184380862387606,1.0049655841522216,1.1530219357516596,-0.04550322127224041,-0.013929682660262427,0.2137546432762919
age,AID064,-0.15386964463740924,0.424421590024875,-0.10463543966920183,0.05245440951133197,1.2641108679398927,-0.08494406024084288,-0.20971487095273397,0.4869637799616805,1.17768464084672,0.9526795528477774,1.1551718261905148
age,AID065,1.0310773568757952,1.142540940838042,0.5047122084185471,-0.10334030910977038,0.8073021683400243,-0.03968969850680913,0.3325965891900735,0.896207484138739,-0.14319462211328962,0.0889261636167338,0.263515491469974
age,AID066,-0.5820129447261067,-0.31083662991048777,-0.5691003211430048,-0.5173740864398396,-0.541287595068897,-0.5323632595448685,0.42443275953385284,0.22744207532893349,-0.3425482481310851,-0.4235712988775244,-0.22672987735363512
age,AID067,-0.7689699330611428,-0.2605419207551395,-0.7511463980942293,-0.026654057950109195,0.033088915276564074,1.0259977018632966,-0.5738941484622686,-0.7782660852859083,0.49922243460155014,0.26472141806712046,0.061845988369455346
age,AID068,-0.314259677021048,-0.14421088908927124,0.1108594447382385,0.032574260256519605,-0.05999035991161797,-0.9641686142220185,-0.09557493016606235,0.8171909357191711,0.08993608848898384,0.25229310467012805,0.48982930140244696
age,AID069,0.9075738194543923,0.5045943073246463,-0.24278136862410304,0.6102680945236247,0.9360754600545955,0.6982886187826872,-0.7555606637962142,-0.06638212985857206,0.7201856652060774,0.4074202516370794,0.3985857908064511
age,AID070,-0.4272350409941435,0.29464966783021823,-0.09078859525808472,0.5352498723773302,0.5123305916658835,0.6412008486358224,-0.7717880005327036,-0.35145219361719204,1.0817266881482246,0.5458798597713319,0.7889162216544431
age,AID071,0.08426049415984423,0.8299947256004168,1.0658965142438375,1.0335078347793518,1.3673891860817666,1.1466227808229363,-0.47948924897550477,-0.09667166872262845,0.9390063052945374,0.7662904617637097,1.2813016140218887
age,AID072,-0.33608750355206496,0.17669244073541324,-0.5699080464505345,-0.016719906354537226,-0.2707432898763319,-0.7702774397026909,-0.23681147481072806,0.6977558941546945,-0.4096875925790754,0.006859259599930778,0.3045078151708151
age,AID073,0.03126236654747421,0.41643600888073073,-0.12527724832944856,-0.7701081761537626,0.17092262276667078,1.4304428858589198,1.1086929495846192,-0.6577922811875389,0.02186539501484011,-0.1859400642461443,0.5331319082301789
age,AID074,0.4017062006870333,-0.26775694685292317,0.4466281999803074,0.2224009511139157,0.2583041675668718,-0.10987520102881111,-0.10213744984509575,-0.32231419077687473,0.10302053403605374,-0.05063808525204641,0.053506024819074405
age,AID075,-0.07834161863559036,0.1676628367071431,-0.6928283466692131,-0.24487245442210862,-0.14622517253915226,0.15137438701702646,-0.1440840636949334,0.01179301368777684,-0.0450660184213052,0.5705246680366316,0.3454872115418373
age,AID076,-0.9837608025330534,-0.3971457432054829,-0.3104027134515513,-0.4256562958600053,-0.20305016981639304,-1.155613270914202,0.4214024225769846,0.3685314035685832,-0.28498253833355836,0.07231476712474975,-0.3971216295901403
age,AID077,1.0345712381473111,0.536585679126187,1.2987019775271569,0.285798253426334,1.3908771096510553,0.17158811001490795,0.6528938462540024,0.1084307369483984,0.8002613916570785,0.09153682973924578,0.4014784500673083
age,AID078,-1.2179748825329575,-0.7307804099421957,-1.4453875135240304,-0.3723747501443233,-1.2060547394368168,-1.1496096845957702,-0.47222806264283274,0.7233908625348755,-0.2451840565749341,-0.3141140833911204,-0.018069119449630466
age,AID079,0.896279219915671,-0.11088715476244651,0.4859805488435536,0.17425012176765625,0.6185695031083634,0.06235634140640819,0.19248563533575896,-0.1948531103176065,0.29530175275126813,-0.11097062463634427,0.22000234602241936
age,AID080,-1.0643762219190709,-0.7674740413272683,-0.5489739406007282,0.19144087056235198,-0.12851602442372997,-0.7643061564001032,-0.6347080874246787,0.14553276755909245,0.441089264367474,1.4056922058453467,-0.5380910568778677
age,AID081,-0.593987875687979,0.3301163258869805,-0.16737347636069744,0.24556324299080873,0.14307742319877065,0.5553638245942554,-0.2270414462895184,-0.14033557352068207,0.30528303634710574,-0.1532148799603919,-0.30609182449894123
age,AID082,0.1673415237523172,0.842752497308915,0.34554533614150795,-0.23375878477835074,0.639225978955315,0.6582240225996461,0.5993172684678137,0.33283873481519577,0.5591938676849993,0.41312114640938896,0.150143963405524
age,AID083,-0.9818224255201057,-0.4579204954623328,-0.9178422299930916,-0.3186516248632745,-1.013075579517141,-1.3653925497165251,0.02183217581034546,0.29900736405234063,-0.2746929807537689,-0.4557569112030838,-0.4313156545657493
age,AID084,0.9767785657945597,0.6111822029413323,0.17543635390301066,-0.19860552015964036,0.30186699733640143,1.1597918577770843,0.4722801164035124,-0.23551987334785468,-0.34307883264368744,0.2718771837434971,0.1884865040789937
age,AID085,0.19976732298351088,0.5485329313752362,0.2599476602257214,0.5101550810245638,0.588685534344896,0.34179623118318175,-0.30803601601684644,-0.02293328331015987,0.8329830797296215,0.6013603908027239,0.4881211515253455
age,AID086,-1.6176882251720082,-0.45722054599925954,-1.6620096908341828,-0.4172767565409825,-1.5964975310880218,-1.511156182822481,-0.7300231799352259,0.7775027430881144,-1.0174217866239121,-1.4040414245998902,-0.5362040140629383
age,AID087,0.5737976445405202,0.2142098996155682,0.5251821445040764,-0.577574900541206,0.7826996390603405,0.8829106879562584,0.9887129524786505,-0.18030035281213896,0.443004765197066,-0.4543584878657413,-0.6574213804646101
age,AID088,-0.7050484044230751,-0.32478431962350673,-0.3937379971035996,0.15080699882441337,-0.5749657812267445,-1.077780561800606,-0.5577219694250896,0.23121714700673035,0.07451489469770618,-0.20526567310997645,0.1352049297125185
age,AID089,-0.14086212591215455,-0.051879189050925284,-0.04563616649831811,-0.3089366234180969,0.022765593022439107,0.07891480952365518,0.7175649709036784,-0.19917516265108653,0.20003951255734712,-0.05579670235812792,-0.04419655500763256
age,AID090,0.36097026048901315,1.1188729403471767,-0.24389939304160935,-0.1712646850720519,1.6067445010672023,0.6739561772512707,0.4529026233198619,0.7421100189960573,1.4911620612510081,0.8960670743338265,1.330701986779502
age,AID091,0.3082711939388232,0.9900327685681798,-0.10130647918836466,0.20306215291044688,0.41955157945814026,-0.4260570692467135,-0.035928578482779513,0.7177264163498981,0.20659879469159087,-0.24459079227218317,0.10712889180770448
age,AID092,0.529312600791663,0.3513387539038759,1.07422897781801,0.37186428588280196,1.011367604405688,0.44302738312897433,0.33751123601670513,-0.24068618444722556,0.8559894234207205,0.5841732320087735,0.26258093399428933
age,AID093,1.256824243350505,1.425972002885398,0.5868165667005099,0.24496373024826082,1.3183172896782842,0.047403641175396694,0.24448757919120048,1.4709739309300067,0.3836899555041675,0.5791445222080956,0.7644721722594691
age,AID094,1.0280531484205915,0.9983426702520515,1.2058221150462278,0.4422529818743157,1.2606106352707047,0.6975372538217725,0.32479380496626925,0.32899846390031257,0.6043735966721544,0.8788673470807672,0.5741108137270258
age,AID095,-0.3537314891573751,0.15835650273965832,-0.4328058144894135,0.17313380400510142,0.008108768712355496,-0.7868969266949812,-0.4871084422103343,0.9066944397556715,0.13142556051892784,0.1749550333814904,0.1483717357854279
age,AID096,1.2866428540450339,1.1008451826092727,0.6954400444875886,-0.17705723678547872,0.8440442807203052,0.8757866445738597,0.825176845077292,0.3342215133124856,0.007964790489751461,0.1359033546567326,0.14894363535688848
age,AID097,-0.23614602885289235,-0.03371787005200824,-0.6554789657290003,-0.4886010125595499,-0.03931709199112779,-0.4278564864916041,0.4658612090449652,0.7526478692345736,0.0299232249348369,0.0776857658193372,0.38487522236362626
age,AID098,0.5912753986991033,0.1831115856769086,0.5786326461852936,0.5125109955948539,0.11677860553330024,-0.03537103841710999,-0.4698350772088765,-0.012173116292199637,0.18823701120600245,-0.4981440860113012,-0.026793679445565793
age,AID100,-0.5522963027587446,-0.8912646448608675,-0.7661955981306832,0.22279969238091915,0.43711216731190383,0.8637352501221989,-0.8230083680837016,-1.229098193932065,0.9748102502569136,0.32381412743299853,0.5787994707182568
age,AID101,-0.1317472579946555,0.4531399618554884,-0.07221048861004689,-0.28641329077050437,0.04733826387175276,0.052290692497514696,0.3987162972290067,0.5771395255441134,0.1552135162112638,0.10132440805677632,0.4066525089905429
age,AID102,-0.8942660465550937,-0.07974086690439156,-0.585065762520406,-0.20576933224238977,0.43438113000265444,-0.3528893784548365,0.032485891215203413,0.2823763018226715,0.5595464285674439,0.67426589534178,0.7220278951715356
age,AID103,0.36827994353151555,0.5764387001305096,0.901183936721504,0.4424028611599665,0.8225104204075145,0.7923350990196913,-0.07730197228468658,0.041748566649335635,0.8002560314260723,0.6136971859474925,0.5059585112460016
age,AID104,1.3124032529980474,1.0221708701724386,0.3874754997249446,-0.3378978133071856,1.2119870541648041,-0.353644716481609,1.0740743487351139,1.6827352357537793,0.14745520344555402,0.9095541432754671,0.4236906079339497
age,AID105,0.3858020451697502,0.3826251379695489,0.6752612743140533,0.5658168284054441,1.0069309397136967,0.17450739270295068,-0.40558298381211244,0.01812959606225424,0.561180233018,0.43731295887185145,0.3525123160263507
age,AID106,0.8343988838783152,0.27007721454022976,-0.07229374795504256,-0.5064997274355346,0.0869138442888465,0.7838446086796206,0.6874783229790421,-0.37205451869885453,-0.3980509912427178,-0.05260917623370878,-0.31965313051469246
age,AID107,-1.7343943317771775,-1.1575409381967485,-1.6545802761387411,-0.33798528538542716,-1.2105277873693912,-1.651652398410699,-0.9360217721942223,0.7631430279393168,0.6209400653449368,0.49210443067511095,-0.13924657705921348
age,AID109,-0.04796284824321373,0.6747620080580384,-0.2951743540530699,-0.15051032392467412,0.07942661597470024,-0.19497108292240828,-0.1252165950666493,0.7074560484723077,0.5313050489815764,0.32571315077765833,0.32762794718588195
age,AID110,-0.9012113050911366,-0.6975078586858385,-0.6967333392246341,0.0462125420331496,-1.1269790399831743,-1.0029264245457878,-0.4728535107739781,-0.11728606117597234,-0.9697088212308355,-0.695440242041269,-0.4161511652737512
age,AID111,0.21061587543798038,0.012501229276368958,0.9336793125309678,-0.284731492267135,-0.15560539656091807,-0.6953350296222162,0.7968457354935271,0.3691709620314048,-0.23843736859082174,0.06986469047651553,-0.17722811448323042
age,AID112,0.7311366160938648,1.0794612341154686,0.6161019938977187,-0.2392915573236035,0.34468012284822996,1.1363255483095571,0.7827974389696966,0.3378414882349413,0.06054140513988199,0.4155764374185133,0.4532058971636007
age,AID113,-0.14984924485980974,-0.470727294054862,-0.1217465690825219,-0.1284567488270598,-0.15985005707326758,-0.09108682306470427,-0.03712856833543299,-0.5197602771099922,-0.3017478336492415,-0.29042524353498195,-0.27474817631012394
age,AID114,0.16866788928868492,0.5526212206358808,-0.07501104322063065,-0.6168040354777804,-0.07163283715217697,0.07156819881988558,1.1349006693611636,0.45070488787306423,-0.2239654887270973,-0.17305001365883832,-0.23033932332100324
age,AID115,0.49072124406268197,0.8013267777066564,0.31248484043906277,0.3465386512219678,0.7843766172594887,0.1125518312282295,0.011511000079542687,0.9778850705107928,0.5568841360070864,0.5688096634106441,0.48810160162615723
age,AID116,-0.1788393182497299,-0.008311306759026887,-0.07885554445032397,0.2894869504744183,-0.02683557353087987,0.7742488779342795,-0.5805323256703958,-0.4913041163819831,0.04294962697054441,-0.07376611804122396,-0.20631419954804062
age,AID117,-0.9587798648135631,0.1453551306373076,0.20194718814606752,0.517551915239261,-1.2465094605535305,-0.4265540720567448,-0.6539955420130907,0.11846509130623824,-0.4628147468206657,-0.9748017440967277,-0.5455344505319836
age,AID118,0.08761717253488825,0.922941253992614,0.43045154591471657,0.02363072841088245,0.6139505803602702,0.7347030383213273,0.12044978172534951,0.29523514435550774,0.5474356723713025,0.45129285430517446,0.562101633264787
age,AID119,0.43614043757297044,0.8905110018930008,0.5328999827026162,-0.09061087880671763,1.1341005614901938,0.4461650051538905,0.7142156460107436,0.49873442865486173,1.1375922306149946,0.8725408475435883,0.7525822897077374
age,AID120,-0.2361386600964119,0.10313401418765092,-0.0471651116124708,0.026904125883285925,-0.1813297133592199,-0.2902603853448878,0.05365830994775941,0.34638550935647533,-0.09822359246232479,-0.07155141988425642,0.07284446189817698
age,AID121,-0.047706535370176294,0.09040122604305714,-0.19284123332419342,0.03762462778682405,-0.023606736862041594,-0.38286487828584187,-0.18954560207460602,-0.27037022143820955,-0.12355353264752048,0.192369569157788,0.03079653138169372
age,AID122,0.6147492593376244,0.5160786956702101,0.2065088591220547,0.27566488708940773,0.22693357092595198,1.318929649352706,-0.2682719008293391,-0.27057403796300505,0.3669329286608155,0.24316605278149545,-0.15878040253536965
age,AID123,-0.5685241797190473,0.06921265503126808,-0.09929232210123196,-5.747816843499169e-4,-0.6209318466132716,-0.8011972936572327,-0.22847201983137788,0.8188975868635969,-0.1485199515712828,-0.12986351973274185,-0.2466854205040058
age,AID124,-0.6223861710530204,-0.3703093960360241,-0.5250879138767272,-0.6251793317083574,-0.7897805004636492,-0.4559380304110855,0.8086102884258154,0.10043584999301687,-0.17808469401975738,-0.44337073644652303,-0.1720217933154591
age,AID125,-0.2777829086377995,-0.16086755667728822,-0.22597951055183796,-0.2061895899366526,-0.18856366111578374,0.7894128852332498,0.1808438496264816,-0.4959473142368377,0.08875067325357351,-0.025571665051256687,0.06708240605212633
age,AID126,-0.526922295396637,-1.1319341765068607,0.6802640703554814,0.7574699128034948,0.24310986998925327,-1.2082394775415632,-0.7583713950175893,-1.2622360381294149,1.2308392833437831,0.1549701830411479,-0.11233453429101795
age,AID127,-0.004840148406406333,-0.4425126487136699,-0.48135891035768913,0.07463496913972108,-0.4344683907335999,-0.3348008026706535,-0.42154992680269043,-0.26280954994664946,-0.14732707802554665,-0.20054484720410365,-0.09307203923187948
age,AID128,-0.3040457539254099,-0.013498701385507572,0.10136999115839718,0.4052414266954151,0.16187378279878206,0.08034342305673847,-0.37791245187544253,-0.3251155648188228,0.4613420351756178,0.2801821147001456,0.10444206763918934
age,AID130,-0.899840241474075,0.31812510428992674,-0.24358330841936804,-0.33906209344134763,-0.0024769932177853005,-0.2990564835879548,0.3592105180407087,0.3520617103589087,0.7327475767408914,0.03683379430511005,-0.1620830477400659
age,AID131,0.29501354725133594,0.09519489922327687,0.751936134293069,0.3168278924143517,0.5212253215100439,-0.13925788677819106,0.16335530970815232,0.37320762711836447,0.04124503471353266,0.12867246879211036,0.11111539817784577
age,AID132,-0.7622264724953126,-1.0501554324752411,-1.0830167838806346,-0.6494675967885339,-0.6439726749746814,-0.3510418372659958,0.20280319712811326,-1.370183761689023,-0.2728589407628411,-0.5793058503956633,-0.07856869578423029
age,AID133,1.432940547459888,1.4448422507649017,1.079675581314441,0.5762516490968351,1.417228716122359,0.937681799059936,-0.04071682642243779,0.631516910531627,0.5851237751736578,0.7009284282466783,0.5478483590719543
age,AID134,-0.4086731947747615,0.13362102270219084,0.33914854243456316,-0.6241416596940447,0.21735586358988157,-0.4248951051700407,1.0114757537897827,0.2929657079270064,0.22265610255759888,-0.10505427003337542,0.14116920013434714
age,AID135,0.2961377717591778,0.8237853601075051,0.27412624138534436,-0.15940568519755474,0.06156051521185259,1.361829608271682,0.42103016977422014,0.0839840839411533,0.0012841073909322376,0.2671922054493492,0.30675714649983626
age,AID136,-0.1653234484981288,-0.2077620627485218,0.128169326027084,0.11050733713437155,0.2873422393764145,0.9415115085516653,0.16096333067964716,-0.9975537552489134,0.38584154716766716,0.22384109328151175,0.6006446956409301
age,AID137,0.177281683242252,0.48328215931144247,0.23730698196484182,0.08015825015601753,-0.2828419527427932,0.7708094598625251,-0.04685314445608782,-0.04665398094006071,-0.5839731746208167,-0.07455481039636944,-0.2242679524381457
age,AID138,-0.15565979011487646,0.0934266517603653,-0.4016594565840917,0.2513880162053411,0.7616229149989882,0.4579039244158914,-0.5002493981267878,-0.29050276661236724,0.9751247226272877,0.81994380257787,0.7372836273045078
age,AID139,-1.0366113809736863,-0.33374547100383767,-0.06940303028998618,0.4106523014189406,-0.5676760450057412,-0.4967137284353209,-0.5980272689732387,0.14462135902598727,0.7134662208662637,-0.07244736363109006,-0.5372577815637061
age,AID140,0.050035667453482195,0.2467106822184646,0.2890140015956824,-0.015275698727079276,-0.4114393163382294,0.601800761662991,0.22798362999967445,-0.18214610088183264,-0.3712942811545916,-0.3273452415974992,-0.46479351666082014
age,AID141,-1.4213928290502174,-0.7504071885386996,-0.5681388602368707,0.7044315848125925,-0.7086155537294233,-0.6727543025642561,-0.9161510670870968,0.06911949880305789,0.5181213634568673,0.4277753308267107,0.5006075552675125
age,AID142,0.9176081875532627,0.6331584693245581,0.10820658296824434,-0.5329144431314691,-0.09394515034923781,-0.6904656210762202,0.8751309125111866,0.699957850321506,-0.6420517776005064,0.1747821555724187,-0.5861571255017758
age,AID143,-0.8954926154372665,0.18182880638681134,-0.18679329973257716,0.31143544306969906,-0.26197261919786696,-0.26475868205374287,-0.7561725353156747,0.4218703366611449,0.7477560888312479,0.7563725238413277,5.54778299869052e-4
age,AID144,-0.02866385583450429,0.49289112484124764,1.7870389833847227,0.8108271673452817,-0.37314125525076036,-0.18601698032094838,-0.22968522122607166,0.4722227905965304,-0.06021184723909384,0.7170985518073467,-0.31220732220498837
age,AID145,-0.22541949332448089,0.07908066684437862,-0.1712733532926286,-0.6286348959521094,-0.19953872460260733,0.046975612564950614,0.9457768638692878,-0.027187348549333135,-0.15673081134851366,0.014017628929355902,0.3606639843838453
age,AID146,1.5548207130408342,1.1369220401036833,0.6769571526816283,0.15679237313736935,1.7593262523038176,1.176271048647876,0.2875370826646028,0.3437187806809746,0.8103553799065447,0.6525467515819264,0.6678651026109163
age,AID147,-0.6500046319525944,-0.14810958137158028,-0.16303827462271106,0.0691704904940566,-0.3437139592469801,-0.27432789826959364,-0.07376321144141254,-0.06579563236195629,-0.08433295182899356,-0.14296804091402043,-0.07821910841790372
age,AID148,-0.08074594693170885,-0.3037571013458543,-0.46796824112265883,-1.1248598935976186,-0.34650470506889974,0.7556781252201807,1.0601474193731553,-0.4450590598113092,-0.13059844141726398,0.05326436959592212,0.04057118428189224
age,AID149,-1.3491635434551412,-1.0085904804245447,0.3266228592142865,0.6965155955613085,-0.046841034840934936,-1.2441106020852235,-0.810125374721262,-0.8556342949524426,0.7793451738097138,0.27491819693126684,0.4958158132052277
age,AID150,0.22077162841761855,0.1620350510766801,-0.16799907605577286,0.18830786547149234,0.5871494947856655,1.0836727586015178,-0.3140433162478284,-0.764876685318572,0.7326771524210044,0.6327797965666865,0.47934558018743345
age,AID151,-1.6017620273578475,-0.505557187164095,-1.082309731649583,-0.7205823205549869,-1.6392313888049073,-0.8759383043579061,0.11001849710853201,0.30187506148306165,-0.4552401634280353,-0.6893106107632693,-0.7242560394150807
age,AID152,0.5265789992580376,0.6443864718963308,0.43483097180101404,0.8508838333857727,1.750803838000329,0.24093995165344528,-0.7620657848579767,0.5174526252998298,1.3078447035906544,1.1087245284039247,1.3023335618656575
age,AID153,0.10751386764613298,-0.2946433083128287,-0.37865463646423836,0.14029976884472212,0.42426959524828256,0.21117890899872388,-0.2560305548141562,-0.280743722196315,0.06934487639532906,0.06337546409085171,0.5656441399583759
age,AID154,-0.9659893787326904,-0.2782993927467625,-0.43550810233618853,0.4524014548628341,-0.45091944889967894,-0.28753535849597833,-0.9436871442404323,-0.4164263608729968,0.09481795917306768,-0.0701654156948893,0.23610222955581942
age,AID155,-0.6349631126853382,-0.28792285994626243,-0.2552658056627084,0.6575639339581953,-0.30470013195189705,-0.2633246054797808,-1.115520404832384,-0.4960460782385072,0.4165315408479331,0.12267538529162084,-0.01850374754176437
age,AID156,-1.3573965697788537,-0.24131605489802718,-1.6269434979210755,-0.5011366783820183,-1.573554515955097,-0.4001446896444759,-0.4051282319927477,-0.01056552087594513,0.35806653089637924,-0.4146089340826977,0.09603081847574323
age,AID157,-0.4264882186886853,0.07492493162060512,-0.3904511037786255,-0.5658006766680801,-0.18213047815723285,-0.26730515131864846,0.80424803211183,0.024390567491377357,-0.12066017653893965,-0.18044589676415923,0.14169356171447717
age,AID158,0.14125504104912046,-0.2878205228641646,-0.17552409468146857,-0.10313404771495319,-0.20538663182600334,-0.19752012633360133,-0.003394678966737792,-0.39012498134060725,-0.21584934569506484,-0.04519692578019521,-0.10126967612149088
age,AID159,0.9062842592884499,0.6671155100544777,-0.0813426716215773,-0.1550473720218286,0.8366475635661971,0.47871218939255183,0.21076570416802437,0.46489461572287,0.3828965185186446,0.6016820557005086,0.7189778185958533
age,AID160,0.021990600898247316,-0.18780774557476274,0.7986666301413995,0.7374786123102759,0.981177334360966,-0.23372351275960257,-0.4688356651503714,-0.3944735678358934,0.9246139610021745,0.692750281502762,0.9180579746133116
age,AID161,0.38832646404727544,0.8684599743129683,0.08515698742879309,-0.18554052755406686,-0.3395791348997803,-0.38347306351766963,0.3804654652503817,1.5737323759756623,-0.7669844310904158,-0.18913088702072955,-0.3927837651972097
age,AID162,0.2186963291146782,0.2816881166796806,0.14656038393639872,0.4093402525664862,0.20154259752697018,-0.09118999345820776,-0.5153065345213113,0.30601406911317286,0.12683331516173665,0.19949344152195497,-0.03965530581029039
age,AID163,-0.8125163403671867,-0.09064218361980989,-1.0809507570537271,-1.3755402760074797,-1.4726574116470612,-0.5914770097500682,1.4202933454928046,0.2608411311854376,-1.3113694739232296,-1.000949706607574,-0.37116363745321523
age,AID164,-0.9300292123764679,-0.37895450965305755,-0.67601318165044,-0.025496331818319548,-0.3111603064170927,-1.1120667314441708,-0.5605349604776154,0.7465824883495424,0.4589302943750818,0.2830073918396877,0.47511410819324573
age,AID165,1.017278245085242,1.2345240179924801,0.9293212932537005,0.5733924528505489,0.3674692656997006,0.4657646425608496,-0.22179815379823575,0.9994947413013918,-0.39804338323931765,0.19301120521156237,0.02789342473918105
age,AID166,-0.35980881172180934,-0.579973749414994,-0.4102168110894507,-0.046724765814239885,-0.4609064781384482,-0.7392606584202128,-0.1176091246441741,-0.012718178488979298,-0.21611909123706488,-0.37996416989925497,-0.1603600712288791
age,AID167,-0.6011537548012181,0.5198718891098838,-0.10827846154062956,-0.6789230553700899,-0.06427067368333478,-0.6392970064050484,0.9248639341771213,1.1252316463758163,0.16125027738562628,0.7297524514095326,-0.3430486647274227
age,AID168,1.7834893252088937,1.5124521426315631,1.0446773561070726,0.26217341733184374,1.1605055141071392,1.1489940690116567,0.38458503190696713,0.6903282420392323,0.33237255667129395,0.8841901388015151,0.12308071817813256
age,AID169,0.46261396080566836,0.7772918132380436,0.6240436776472219,0.6879697173260535,1.5739557632073509,0.7067604069512172,-0.621603176805887,0.2547410886227784,1.0370205100079082,1.0079760471706822,1.23389773164615
age,AID170,0.23185233070775446,0.5508792328126241,0.11433861205438445,-0.043170683605548,0.27005421937499235,0.595315796254955,0.3197110509924147,0.25817072136485797,0.26508149406559656,0.2646424684413475,-0.2680651288259601
age,AID171,1.0713846777822713,0.589652451113697,0.13194845558689475,-0.23467691730492626,-0.3278823203178374,0.8310521040533398,0.4962750854789243,-0.22216646264974227,-1.3423295188639457,-0.3840934380835658,0.10461953125290148
age,AID172,-0.4028865869828327,0.3598045019683745,-0.21668966042379412,0.4119763404797846,0.7837494065743513,1.230467501500336,-0.6959296383352184,-0.6117539229863675,1.0575780504258363,0.6673085217233969,1.2273920328961505
age,AID173,0.05947595306166981,6.985416391896149e-4,-0.6454088240023614,-0.6965882516205304,-0.824351219281042,-0.38516479181538865,0.32340375883187683,0.3833426730182323,-0.7761713262621026,-0.1116045966513351,0.07841006247725354
age,AID174,0.40642021006501944,0.2163327531767581,1.1423311240001124,0.22049313260760667,0.03915026218337278,0.21182219554286252,0.7621684261398439,-0.3959395316460569,-0.9541590199730546,-0.5125453117365634,0.10524295005264311
age,AID175,-0.32238874400949286,-0.3144971579268716,-0.06032322575396464,0.19730384940593382,-0.109991536086496,0.6301154366495535,-0.28851990139179695,-0.9357247221922106,0.10485153759639736,0.18044951020425737,0.5940692758318228
age,AID176,-0.13803167117120527,0.1389323250891486,0.48077083503523477,-0.4342611510306099,-0.33331785680909776,1.6640968214109766,1.024064399060749,-0.8816990833713619,0.0828546604404522,0.3834800578178186,0.033132093464958046
age,AID177,0.43513838342095223,-0.019586326680674115,0.15905740601850663,0.39600140384291915,0.43458395093831537,0.24929858237366642,-0.4427616989243345,-0.04196815877509341,0.050293284536324645,0.1690472744703191,0.2549546731274095
age,AID178,-0.30059474265358344,0.06667213444310563,0.270029911685662,0.44094164325943297,1.2071846903892025,0.0860561417322567,-0.5704459015191661,-0.2890824474428363,1.3590435043937843,0.8596927358995664,1.0376623069290551
age,AID179,0.018978930182294365,0.4217586622968103,0.42868827596216885,0.19977437087996175,0.1991570686711971,0.5925871076895232,0.00345721178266669,-0.10589849245734045,0.32634503479899984,0.020740928032959044,0.12780736564197132
age,AID180,-0.3275382552165612,-0.08048383940457429,-0.39706523704657154,-0.030059233826257088,0.2773561297068675,0.9434596963664036,-0.16968838795871435,-0.660011166997023,0.8123538723400991,0.4991284165040894,0.4769326985769611
age,AID181,0.6056757910673594,0.3292259115582331,0.16506867429986852,-0.009445017249203047,0.5181010120908863,0.6877135420816882,0.14798338418463702,-0.2952313527125735,-0.18003889450251867,0.22908892853709517,0.43958349187605483
age,AID182,0.3530266034311453,0.5988157940735801,-0.37107822202576696,-0.5223688571731167,-0.029806548415778095,1.034465559869207,0.6264338042168863,-0.2476303312421793,-0.13434013225805594,-0.002061615177326892,0.08502970191130672
age,AID183,0.29816019705621394,0.6574617124831998,0.09457467840244754,0.4410692396335003,0.9653761789206211,1.7179502989474105,-0.46619759350212936,-0.5589674266464438,0.7267769293572285,0.6759565376120096,0.6930986252890643
age,AID184,0.07892796285754172,0.37728829283375837,0.161581233682688,0.15875102211933312,0.29524237395542174,-0.05860118591474288,-0.1406359522993754,0.4711354731236041,0.2750346886077889,0.13625145534836358,0.20561627051565448
age,AID185,1.1087831110591173,1.4667687201862982,1.0330289481653814,0.19307809667164386,0.33239518437489834,0.8368323912872648,0.2776280611447463,0.7613689496375903,0.1391626858553527,0.15539645199765745,-0.22805858701697776
age,AID186,0.25483540429195223,0.3924351065574481,0.1258244416661423,0.36116026432830417,0.6185880625065414,0.2308594360982969,-0.5176861449017307,0.2300518788756551,0.4865727337490794,0.4777726708606729,0.39618817922898164
age,AID187,0.29739170529821285,0.667506664592826,-0.4336679018222974,-0.3969296836778259,0.4130732663206754,0.09247403484316918,0.45059754399016694,0.6471743209453912,0.32491389606756865,0.41464420130916296,0.3575167970944918
age,AID188,-0.5265387181347967,-0.6585377122147156,-0.7120598719824559,-0.39130732068510643,-0.15616982147512495,-0.9100429945306612,0.29289879195018825,-0.18620266730592405,-0.3200665810574692,-0.44327257049260926,0.33735886941998416
age,AID189,-0.1752375067706852,0.012921028476365892,-0.5207389050110454,0.2977706305075376,0.0757751573646869,-0.4258784819877901,-0.7633594799776768,0.37437612962146855,0.24838871542258278,-0.11962495802617878,-0.12423381826876581
age,AID190,-0.23672598368434367,0.38040853645677386,-0.08304264855669252,-0.24390033560857252,0.014102476416310239,0.43587651359587276,0.3226924529847688,0.08858757578073509,0.23892180799600715,0.12841506406447373,0.2020829666959521
