version,kpi,sd_athlete,sd_slope,sd_visit,sd_trial,slope_kept
current,CMJ: Jump Height (Flight Time),0.9165808062277081,0.3146115416875784,0.22554892662135312,0.21142987219937465,TRUE
current,Drop Jump: Jump Height (Imp-Mom),0.8055452689095594,0.5867452388522342,0.3126727416508303,0.22050469334402736,TRUE
current,Single-Leg Jump: Peak Power / BM,0.7835565781479381,0.4259098869261301,0.23559150728752634,0.3996573455357298,TRUE
current,Single-Leg Jump: Concentric RPD / BM,0.7341459306820802,0.874863732577321,0.4072723227189935,0.4809148759155303,TRUE
current,CMJ: Concentric Mean Power / BM,0.8672115264472069,0.4496597825847895,0.3651125054598195,0.3074186304968247,TRUE
current,Drop Jump: RSI (JH (Flight Time)/Contact Time),0.7873832359617948,0.5415236743969444,0.43431343679642676,0.36337832341179804,TRUE
current,Single-Leg Jump: Concentric Impulse (Abs) / BM,0.7263311383682247,0.6696731201131702,0.17143780774211795,0.5165412893642104,TRUE
current,Drop Jump: Concentric Impulse (Abs) / BM,0.7361345131260036,0.6953683373114494,0.44107394560848934,0.4048609158499684,TRUE
current,CMJ: Concentric Duration,0.7145195340561177,0.19274081680629493,0.5058746873552322,0.553708310361041,TRUE
current,CMJ: Flight Time:Contraction Time,0.6229828888013564,0,0.5629938540772479,0.5687408580693797,FALSE
current,CMJ: Eccentric Peak Force / BM,0.6374831985736351,0.5183168202185742,0.4637369471360581,0.6953839803676016,TRUE
age,CMJ: Jump Height (Flight Time),0.8399675197487914,0.43664886056377894,0.49641213046350346,0.4257996005066203,TRUE
age,Drop Jump: Jump Height (Imp-Mom),0.7508450186026667,0.6327732115122318,0.6155495135547852,0.41467417978412874,TRUE
age,Single-Leg Jump: Peak Power / BM,0.7020620599244808,0.5570623505993193,0.3332002483172133,0.5599894680800338,TRUE
age,Single-Leg Jump: Concentric RPD / BM,0.5982495113606541,0.46710313382412244,0.5637995846202779,0.5795336609589792,TRUE
age,CMJ: Concentric Mean Power / BM,0.8251658103895905,0.2824334525821837,0.4919305759713356,0.4313379068266146,TRUE
age,Drop Jump: RSI (JH (Flight Time)/Contact Time),0.8445621210293033,0.8778133284926515,0.41602004899298056,0.43666840027835385,TRUE
age,Single-Leg Jump: Concentric Impulse (Abs) / BM,0.6559860383302295,0.7083769283734794,0.29103114212461334,0.6179670064302163,TRUE
age,Drop Jump: Concentric Impulse (Abs) / BM,0.710985258664119,0.6573767234285298,0.5061417065330053,0.4640072872966128,TRUE
age,CMJ: Concentric Duration,0.6968450181695337,0.15490326853248013,0.5219901073237847,0.5654581038147736,TRUE
age,CMJ: Flight Time:Contraction Time,0.6072615475781984,0,0.5749894568087329,0.5743892730793326,FALSE
age,CMJ: Eccentric Peak Force / BM,0.5950379439058425,0.44573350085269864,0.4711291670010751,0.6910712564717792,TRUE
