athlete,version,first_visit_score,retested,followup_window_days
AID001,current,-0.44138518540906324,FALSE,643
AID002,current,-0.5291154515001963,TRUE,993
AID003,current,-0.5791224839538667,FALSE,1014
AID005,current,-0.6200840126428953,FALSE,671
AID006,current,-0.38122685040272336,FALSE,639
AID007,current,-0.5523539123501778,FALSE,671
AID008,current,-0.49080575470618487,TRUE,1014
AID009,current,-0.4729976048766955,FALSE,916
AID010,current,-0.3831899443069549,TRUE,1017
AID012,current,-0.5298058771367701,TRUE,1014
AID013,current,-0.5720609813128126,FALSE,671
AID014,current,-0.4148439801895812,FALSE,643
AID015,current,-0.3679356608861191,FALSE,639
AID016,current,-0.3973443835045005,TRUE,993
AID018,current,-0.41803844181136146,FALSE,1020
AID019,current,-0.4276606675407184,FALSE,1014
AID020,current,-0.3580252910886003,FALSE,1019
AID021,current,-0.47931097408405354,FALSE,685
AID022,current,-0.6253464872466058,FALSE,1249
AID023,current,-0.3705743737359001,FALSE,639
AID024,current,-0.6176842951105393,FALSE,1014
AID025,current,-0.5696747658175948,FALSE,527
AID026,current,-0.5652070995456574,TRUE,1094
AID027,current,-0.6026381674067326,TRUE,938
AID028,current,-0.5078196207622174,TRUE,993
AID029,current,-0.6294489814783526,FALSE,532
AID030,current,-0.4639801875033382,TRUE,1014
AID031,current,-0.40810669987385956,TRUE,1137
AID032,current,-0.354695578206899,FALSE,1017
AID033,current,-0.5051966676210878,TRUE,916
AID034,current,-0.5579807092332505,FALSE,643
AID035,current,-0.48107762283485445,TRUE,1014
AID036,current,-0.4107262455484649,FALSE,1018
AID037,current,-0.5914926367696285,FALSE,1014
AID038,current,-0.5667122267647428,TRUE,1014
AID039,current,-0.4596600664273997,FALSE,639
AID040,current,-0.4491766061493464,FALSE,998
AID041,current,-0.4625657844725069,FALSE,1014
AID043,current,-0.7069395343071686,FALSE,480
AID044,current,-0.2814192702401134,FALSE,639
AID045,current,-0.322805546163125,TRUE,1016
AID046,current,-0.5857077247559725,TRUE,1014
AID047,current,-0.5288045131618283,FALSE,993
AID048,current,-0.5001324763528926,TRUE,916
AID049,current,-0.5014345627269146,TRUE,1085
AID050,current,-0.5291445576452585,TRUE,916
AID051,current,-0.5825853871128757,FALSE,1116
AID052,current,-0.5264623936234172,FALSE,916
AID053,current,-0.3561392317707869,TRUE,1018
AID054,current,-0.5652264315276986,FALSE,993
AID056,current,-0.5475131149947846,FALSE,1111
AID057,current,-0.5514912503396131,FALSE,671
AID058,current,-0.5958069531035871,FALSE,993
AID060,current,-0.5487977600253142,FALSE,671
AID061,current,-0.5852671500881143,FALSE,1120
AID062,current,-0.4074409358548347,TRUE,1020
AID063,current,-0.5870664757106684,TRUE,1044
AID064,current,-0.47264748517265803,TRUE,1014
AID065,current,-0.3216828989136345,FALSE,639
AID066,current,-0.6320667800043805,FALSE,916
AID067,current,-0.3971264772208714,FALSE,639
AID068,current,-0.38457922705164865,FALSE,572
AID069,current,-0.30033340611185333,TRUE,1019
AID070,current,-0.4069858796828053,FALSE,643
AID071,current,-0.3894867523962667,FALSE,671
AID072,current,-0.5007848115314812,FALSE,1018
AID073,current,-0.6516020028691676,TRUE,1014
AID074,current,-0.512949535002589,FALSE,916
AID075,current,-0.3478868071739902,TRUE,1020
AID076,current,-0.6280263091733082,TRUE,1014
AID077,current,-0.2506038792288494,FALSE,1017
AID078,current,-0.6474741150711494,FALSE,1014
AID079,current,-0.4293112414550011,FALSE,916
AID080,current,-0.37860910709423584,FALSE,634
AID081,current,-0.3913400059809979,TRUE,1009
AID082,current,-0.49808012367480997,TRUE,1014
AID083,current,-0.6462702042661786,FALSE,766
AID084,current,-0.49599490589593376,FALSE,693
AID085,current,-0.5462101125255651,FALSE,476
AID086,current,-0.7085421426594213,TRUE,1014
AID087,current,-0.24242559253595702,TRUE,1019
AID088,current,-0.5304887858982333,FALSE,916
AID089,current,-0.5604561318116301,TRUE,971
AID090,current,-0.44633179457833333,TRUE,1014
AID091,current,-0.4461048445847353,FALSE,1019
AID092,current,-0.49146489501426405,FALSE,671
AID093,current,-0.46212755517929494,TRUE,1014
AID094,current,-0.48174681039101575,TRUE,998
AID095,current,-0.547895199502971,FALSE,762
AID096,current,-0.4923615866589391,FALSE,1089
AID097,current,-0.5421123283068818,FALSE,1011
AID098,current,-0.5423764359964114,FALSE,993
AID100,current,-0.41074181275843225,TRUE,1019
AID101,current,-0.5685709175981546,TRUE,1014
AID102,current,-0.3167638448778356,TRUE,1020
AID103,current,-0.3384510189109831,FALSE,643
AID104,current,-0.3818297384942453,TRUE,1014
AID105,current,-0.414734693636299,FALSE,993
AID106,current,-0.5982159936596987,TRUE,916
AID107,current,-0.5586384880532597,FALSE,665
AID110,current,-0.7111356016071835,FALSE,1014
AID111,current,-0.3783863855418455,FALSE,639
AID112,current,-0.4491929015725331,TRUE,758
AID113,current,-0.6468211294001582,TRUE,993
AID114,current,-0.5261086160338695,FALSE,644
AID115,current,-0.5199911569152506,TRUE,1014
AID116,current,-0.6405255184649672,TRUE,1014
AID117,current,-0.5850731181519147,FALSE,1249
AID118,current,-0.5566902024137413,TRUE,1014
AID119,current,-0.5946777288365003,TRUE,1014
AID120,current,-0.5021749801105183,FALSE,839
AID121,current,-0.5847291878290217,FALSE,1167
AID122,current,-0.5837875350016792,TRUE,1014
AID123,current,-0.46393626496781093,FALSE,986
AID124,current,-0.5971407013816951,FALSE,916
AID125,current,-0.5736140906306875,FALSE,988
AID126,current,-0.5445150136030327,TRUE,916
AID127,current,-0.4249898630726498,TRUE,1019
AID128,current,-0.5740709535574025,FALSE,671
AID130,current,-0.5820744007447147,FALSE,671
AID131,current,-0.5574787011683232,FALSE,1014
AID132,current,-0.6103770772738891,FALSE,916
AID133,current,-0.4490151143737667,TRUE,1085
AID134,current,-0.6070782291121334,TRUE,1014
AID135,current,-0.5939373476837726,TRUE,1014
AID136,current,-0.4446531501273659,FALSE,1018
AID138,current,-0.36945376939989344,FALSE,778
AID139,current,-0.42774511617448835,FALSE,639
AID140,current,-0.5820380212819997,TRUE,1143
AID141,current,-0.4153271795579543,TRUE,839
AID142,current,-0.40655401674748165,TRUE,1019
AID143,current,-0.5291476207200821,TRUE,993
AID144,current,-0.40253789393590383,FALSE,1249
AID145,current,-0.5923141045492779,TRUE,1014
AID146,current,-0.294678165597247,FALSE,643
AID147,current,-0.5998923572155984,TRUE,993
AID148,current,-0.4569173768735406,FALSE,606
AID149,current,-0.5664895414224725,FALSE,993
AID150,current,-0.5040106371371117,TRUE,993
AID151,current,-0.6885781632918799,TRUE,1014
AID152,current,-0.45642166251960786,TRUE,1014
AID153,current,-0.35755504342383987,FALSE,1017
AID154,current,-0.5840628964834879,FALSE,993
AID155,current,-0.547963025385582,FALSE,720
AID156,current,-0.6795708131431414,FALSE,998
AID157,current,-0.5542513401040672,FALSE,720
AID158,current,-0.6142454078591862,FALSE,1014
AID159,current,-0.5586527542491727,TRUE,1014
AID160,current,-0.38030778339119703,FALSE,993
AID161,current,-0.5307895826162051,FALSE,884
AID162,current,-0.4000246598895475,TRUE,1020
AID163,current,-0.6447145223050151,TRUE,851
AID164,current,-0.6021635226046452,TRUE,1014
AID165,current,-0.5722648225085086,TRUE,1014
AID166,current,-0.5961864255002779,FALSE,624
AID168,current,-0.23162990085153948,FALSE,1166
AID169,current,-0.4653912578171747,TRUE,1014
AID171,current,-0.6134401266598317,FALSE,1246
AID172,current,-0.5542570978369552,TRUE,993
AID173,current,-0.4204305362397035,TRUE,1020
AID174,current,-0.4629620590167037,TRUE,839
AID175,current,-0.51095923782454,TRUE,916
AID176,current,-0.38131926007911165,TRUE,1016
AID177,current,-0.5093914945059436,FALSE,1011
AID178,current,-0.39608333153645525,FALSE,762
AID179,current,-0.45165568595889427,FALSE,643
AID180,current,-0.48114878956491225,FALSE,916
AID181,current,-0.5135169295392442,FALSE,762
AID182,current,-0.5810201265282886,FALSE,671
AID183,current,-0.49194366644310916,TRUE,993
AID184,current,-0.5480163879844175,FALSE,671
AID185,current,-0.40502743639305344,FALSE,1128
AID186,current,-0.5357413225558989,TRUE,993
AID187,current,-0.5219358679728259,TRUE,1014
AID188,current,-0.5928356790287956,FALSE,916
AID189,current,-0.39831813176249314,FALSE,839
AID190,current,-0.5265575222798261,FALSE,685
AID001,age,-0.42221160881248465,FALSE,643
AID002,age,-0.5148049008094875,TRUE,993
AID003,age,-0.5070859111840041,FALSE,1014
AID005,age,-0.5523807933960817,FALSE,671
AID006,age,-0.47820847954647816,FALSE,639
AID007,age,-0.4481066331418952,FALSE,671
AID008,age,-0.4279523441094437,TRUE,1014
AID009,age,-0.48138270498379543,FALSE,916
AID010,age,-0.5071655885485524,TRUE,1017
AID012,age,-0.5045142448188856,TRUE,1014
AID013,age,-0.5201921552952307,FALSE,671
AID014,age,-0.42757542150757655,FALSE,643
AID015,age,-0.49297249631541823,FALSE,639
AID016,age,-0.3740223052344971,TRUE,993
AID018,age,-0.49868020196831425,FALSE,1020
AID019,age,-0.3962764955958363,FALSE,1014
AID020,age,-0.4545285843833878,FALSE,1019
AID021,age,-0.4462156000815232,FALSE,685
AID022,age,-0.6699793665605683,FALSE,1249
AID023,age,-0.4026323898588203,FALSE,639
AID024,age,-0.6051196598616266,FALSE,1014
AID025,age,-0.41756216063737633,FALSE,527
AID026,age,-0.49670555927552695,TRUE,1094
AID027,age,-0.5744184972992522,TRUE,938
AID028,age,-0.44054173858755113,TRUE,993
AID029,age,-0.6083408517498251,FALSE,532
AID030,age,-0.4304177329067183,TRUE,1014
AID031,age,-0.5273386181579076,TRUE,1137
AID032,age,-0.5107081402321597,FALSE,1017
AID033,age,-0.4312440929139586,TRUE,916
AID034,age,-0.6020101848617363,FALSE,643
AID035,age,-0.36934401507121695,TRUE,1014
AID036,age,-0.37921006927267514,FALSE,1018
AID037,age,-0.5072558094398585,FALSE,1014
AID038,age,-0.49852360484333114,TRUE,1014
AID039,age,-0.6286776979639858,FALSE,639
AID040,age,-0.3830721467350242,FALSE,998
AID041,age,-0.42079086638886537,FALSE,1014
AID043,age,-0.6487804905158462,FALSE,480
AID044,age,-0.35907328817860934,FALSE,639
AID045,age,-0.4485640439454988,TRUE,1016
AID046,age,-0.567949466812602,TRUE,1014
AID047,age,-0.43133463584632903,FALSE,993
AID048,age,-0.541761142596075,TRUE,916
AID049,age,-0.43324144401714354,TRUE,1085
AID050,age,-0.469018775006323,TRUE,916
AID051,age,-0.47010000792601275,FALSE,1116
AID052,age,-0.5754962214886508,FALSE,916
AID053,age,-0.4468733987968093,TRUE,1018
AID054,age,-0.526709121301515,FALSE,993
AID056,age,-0.5035099683752919,FALSE,1111
AID057,age,-0.45441488978778183,FALSE,671
AID058,age,-0.5792459778717203,FALSE,993
AID060,age,-0.43891757404857534,FALSE,671
AID061,age,-0.5952938079927586,FALSE,1120
AID062,age,-0.5486702846365867,TRUE,1020
AID063,age,-0.5814333243798046,TRUE,1044
AID064,age,-0.40401539610556314,TRUE,1014
AID065,age,-0.39897150043375906,FALSE,639
AID066,age,-0.6037988854653722,FALSE,916
AID067,age,-0.5405606028794132,FALSE,639
AID068,age,-0.4973492061092515,FALSE,572
AID069,age,-0.391599399845754,TRUE,1019
AID070,age,-0.42503835728057676,FALSE,643
AID071,age,-0.3009930976886199,FALSE,671
AID072,age,-0.5393237626220859,FALSE,1018
AID073,age,-0.6386377634704674,TRUE,1014
AID074,age,-0.4998666492256818,FALSE,916
AID075,age,-0.508098290117693,TRUE,1020
AID076,age,-0.5664159443207795,TRUE,1014
AID077,age,-0.3538159092503795,FALSE,1017
AID078,age,-0.6627139109754616,FALSE,1014
AID079,age,-0.45674721030282617,FALSE,916
AID080,age,-0.5521995986440612,FALSE,634
AID081,age,-0.4762038964240199,TRUE,1009
AID082,age,-0.4218041544488632,TRUE,1014
AID083,age,-0.6655075153343962,FALSE,766
AID084,age,-0.4381335766365072,FALSE,693
AID085,age,-0.40427376025346096,FALSE,476
AID086,age,-0.7606099059671182,TRUE,1014
AID087,age,-0.3608434056378047,TRUE,1019
AID088,age,-0.5835775849496112,FALSE,916
AID089,age,-0.4577455197764991,TRUE,971
AID090,age,-0.4214452301736834,TRUE,1014
AID091,age,-0.4574434786402711,FALSE,1019
AID092,age,-0.36728256078071236,FALSE,671
AID093,age,-0.4279615638144662,TRUE,1014
AID094,age,-0.3766158532747242,TRUE,998
AID095,age,-0.5105892522721445,FALSE,762
AID096,age,-0.3714931781783652,FALSE,1089
AID097,age,-0.513910101268585,FALSE,1011
AID098,age,-0.49249940639954076,FALSE,993
AID100,age,-0.5525784905894953,TRUE,1019
AID101,age,-0.5162366053973184,TRUE,1014
AID102,age,-0.44014174535749756,TRUE,1020
AID103,age,-0.3614054756121384,FALSE,643
AID104,age,-0.3332117680760141,TRUE,1014
AID105,age,-0.38762612277515746,FALSE,993
AID106,age,-0.5210170833265056,TRUE,916
AID107,age,-0.6636631509952184,FALSE,665
AID110,age,-0.6874784462939028,FALSE,1014
AID111,age,-0.5019282267506724,FALSE,639
AID112,age,-0.40384719286693666,TRUE,758
AID113,age,-0.6097654080134787,TRUE,993
AID114,age,-0.5025549569048013,FALSE,644
AID115,age,-0.48025023104493353,TRUE,1014
AID116,age,-0.5922252454295099,TRUE,1014
AID117,age,-0.6261388297209499,FALSE,1249
AID118,age,-0.4905073558423778,TRUE,1014
AID119,age,-0.5183117971790213,TRUE,1014
AID120,age,-0.5192525585125669,FALSE,839
AID121,age,-0.5299690018358735,FALSE,1167
AID122,age,-0.5209062131131176,TRUE,1014
AID123,age,-0.5567845818238968,FALSE,986
AID124,age,-0.5988344521555692,FALSE,916
AID125,age,-0.5305194815625931,FALSE,988
AID126,age,-0.6028105048246379,TRUE,916
AID127,age,-0.5590777784242171,TRUE,1019
AID128,age,-0.4914274087221721,FALSE,671
AID130,age,-0.5146072873085193,FALSE,671
AID131,age,-0.449253982207363,FALSE,1014
AID132,age,-0.6815624147171889,FALSE,916
AID133,age,-0.3728101412841104,TRUE,1085
AID134,age,-0.567908870013479,TRUE,1014
AID135,age,-0.5099206089751519,TRUE,1014
AID136,age,-0.47644481684159046,FALSE,1018
AID138,age,-0.4307122966159064,FALSE,778
AID139,age,-0.5694508075800181,FALSE,639
AID140,age,-0.565507780506075,TRUE,1143
AID141,age,-0.5897207455827738,TRUE,839
AID142,age,-0.5347032088324846,TRUE,1019
AID143,age,-0.5168006713706931,TRUE,993
AID144,age,-0.4355362347727551,FALSE,1249
AID145,age,-0.5659292055176791,TRUE,1014
AID146,age,-0.286985857856316,FALSE,643
AID147,age,-0.585994965363553,TRUE,993
AID148,age,-0.5549671256304766,FALSE,606
AID149,age,-0.5661917798009951,FALSE,993
AID150,age,-0.4595464786297518,TRUE,993
AID151,age,-0.7040549241724281,TRUE,1014
AID152,age,-0.37167106679631867,TRUE,1014
AID153,age,-0.49978490018167415,FALSE,1017
AID154,age,-0.5893998289750428,FALSE,993
AID155,age,-0.5545680986419748,FALSE,720
AID156,age,-0.6496723606999277,FALSE,998
AID157,age,-0.5461744816941014,FALSE,720
AID158,age,-0.5555159901985053,FALSE,1014
AID159,age,-0.48025272524498896,TRUE,1014
AID160,age,-0.3836682203270252,FALSE,993
AID161,age,-0.49332710094098464,FALSE,884
AID162,age,-0.5062442948889024,TRUE,1020
AID163,age,-0.664399804089572,TRUE,851
AID164,age,-0.5437191396721339,TRUE,1014
AID165,age,-0.5301317221608516,TRUE,1014
AID166,age,-0.6031775218299084,FALSE,624
AID168,age,-0.2877615759837855,FALSE,1166
AID169,age,-0.3648666797673961,TRUE,1014
AID171,age,-0.51011929286167,FALSE,1246
AID172,age,-0.5125226476205315,TRUE,993
AID173,age,-0.5533765080005414,TRUE,1020
AID174,age,-0.5350984471790096,TRUE,839
AID175,age,-0.5550527977386227,TRUE,916
AID176,age,-0.4926987999928013,TRUE,1016
AID177,age,-0.4699159362000132,FALSE,1011
AID178,age,-0.3857215484311572,FALSE,762
AID179,age,-0.4579166424520374,FALSE,643
AID180,age,-0.4744744369515864,FALSE,916
AID181,age,-0.4499481991302356,FALSE,762
AID182,age,-0.4882343425701546,FALSE,671
AID183,age,-0.4136030246565716,TRUE,993
AID184,age,-0.46109524587569,FALSE,671
AID185,age,-0.36538786739740997,FALSE,1128
AID186,age,-0.47258996541304504,TRUE,993
AID187,age,-0.4929946987264332,TRUE,1014
AID188,age,-0.6034698431310667,FALSE,916
AID189,age,-0.5358162585276618,FALSE,839
AID190,age,-0.4831371436304632,FALSE,685
